編號,屋齡,建物移轉面積平方公尺,主要用途,主要建材,建築完成日期,總層數,建物分層
The serial number,room age,building shifting area square meter,the main use,main building materials,construction completes the date,total layer,building lamination
RPQOMLMLJIOFFAI18CA,29,104.91,住家用,鋼筋混凝土造,80年2月25日,九層,六層
RPQOMLMLJIOFFAI18CA,29,20.83,共有部份,鋼筋混凝土造,80年2月25日,九層,
RPQNMLNKJIOFFAI08CA,48,95.64,住家用,鋼筋混凝土加強磚造,60年10月25日,二層,一層 二層 騎樓
RPPNMLLKKIOFFAI87CA,38,16.69,住家用,鋼筋混凝土造,70年4月21日,九層,六層
RPPNMLLKKIOFFAI87CA,38,5.16,共有部份,鋼筋混凝土造,70年4月21日,九層,
RPSOMLOKJIOFFAI48CA,,179.07,住家用,見其他登記事項,108年6月27日,四層,一層 二層 三層 四層
RPWNMLOKJIOFFAI78CA,26,87.77,住家用,鋼筋混凝土造,83年4月6日,十二層,六層
RPWNMLOKJIOFFAI78CA,26,10.83,共有部份,鋼筋混凝土造,83年4月6日,十二層,
RPWNMLOKJIOFFAI78CA,26,10.55,共有部份,鋼筋混凝土造,83年4月6日,十二層,
RPTOMLKLJIOFFAI28CA,4,388.40,見其他登記事項,見其他登記事項,104年5月15日,四層,一層 二層 三層 四層 見其他登記事項
RPTOMLKLJIOFFAI28CA,4,5.31,見其他登記事項,見其他登記事項,104年5月15日,一層,
RPXNMLKKKIOFFAI58CA,25,90.10,住家用,鋼筋混凝土造,83年5月30日,十二層,八層
RPXNMLKKKIOFFAI58CA,25,19.66,共有部份,鋼筋混凝土造,83年5月30日,十二層,
RPUNMLMKJIOFFAI38CA,,184.66,見其他登記事項,見其他登記事項,108年6月14日,三層,一層 二層 三層 見其他登記事項
RPPNMLTKJIOFFAI58CA,39,92.42,住家用,鋼筋混凝土造,69年10月17日,五層,五層
RPPNMLTKJIOFFAI58CA,39,6.89,共有部份,鋼筋混凝土加強磚造,69年10月17日,五層,
RPPNMLTKJIOFFAI58CA,39,2.70,共有部份,鋼筋混凝土造,69年10月17日,五層,
RPPNMLTKJIOFFAI58CA,39,2.70,共有部份,鋼筋混凝土造,69年10月17日,五層,
RPWNMLPKJIOFFAI88CA,25,122.06,住家用,鋼筋混凝土造,83年7月1日,十四層,九層
RPWNMLPKJIOFFAI88CA,25,20.17,共有部份,鋼筋混凝土造,83年7月1日,十四層,
RPWNMLPKJIOFFAI88CA,25,14.74,共有部份,鋼筋混凝土造,83年7月1日,十四層,
RPOOMLNKJIOFFAI97CA,25,55.86,住家用,鋼筋混凝土造,83年11月11日,二十一層,四層
RPOOMLNKJIOFFAI97CA,25,13.89,共有部份,鋼筋混凝土造,83年11月11日,二十一層,
RPOOMLNKJIOFFAI97CA,25,21.29,共有部份,鋼筋混凝土造,83年11月11日,二十一層,
RPRNMLKMJIOFFAI08CA,23,30.52,住家用,鋼筋混凝土造,85年6月18日,九層,八層
RPRNMLKMJIOFFAI08CA,23,11.92,共有部份,鋼筋混凝土造,85年6月18日,九層,
RPPNMLNLJIOFFAI08CA,26,115.83,見其他登記事項,鋼筋混凝土造,82年7月2日,五層,五層
RPPNMLNLJIOFFAI08CA,26,4.93,共有部份,鋼筋混凝土造,82年7月2日,五層,
RPPNMLNLJIOFFAI08CA,26,9.42,共有部份,鋼筋混凝土造,82年7月2日,五層,
RPPOMLSKJIOFFAI58CA,3,237.00,見其他登記事項,見其他登記事項,105年12月12日,七層,一層 二層 三層 四層
RPPOMLSKJIOFFAI58CA,3,.69,見其他登記事項,見其他登記事項,105年12月12日,七層,
RPSNMLKMJIOFFAI18CA,27,107.82,住家用,鋼筋混凝土造,82年1月8日,七層,三層
RPSNMLKMJIOFFAI18CA,27,18.17,共有部份,鋼筋混凝土造,82年1月8日,七層,
RPSNMLKMJIOFFAI18CA,27,9.75,共有部份,鋼筋混凝土造,82年1月8日,七層,
RPQNMLKMJIOFFAI97CA,15,108.26,住家用,鋼筋混凝土造,93年11月3日,十四層,七層
RPQNMLKMJIOFFAI97CA,15,75.38,共有部份,鋼筋混凝土造,93年11月3日,十四層,
RPPPMLOJKIOFFAI28CA,42,100.66,住家用,鋼筋混凝土加強磚造,66年6月16日,二層,一層 二層
RPTNMLMJKIOFFAI48EA,43,87.40,住家用,鋼筋混凝土加強磚造,65年8月27日,二層,一層 二層
RPTNMLPKJIOFFAI78EA,50,69.06,住商用,鋼筋混凝土加強磚造,58年5月30日,二層,一層 二層 騎樓
RPTNMLPJKIOFFAI78EA,42,91.72,住家用,鋼筋混凝土加強磚造,66年5月24日,二層,一層 二層 騎樓
RPOOMLNJKIOFFAI97CA,1,282.74,見其他登記事項,見其他登記事項,108年1月29日,四層,一層 二層 三層 四層 見其他登記事項
RPOOMLNJKIOFFAI97CA,1,.06,見其他登記事項,見其他登記事項,108年1月29日,一層,
RPQNMLMKKIOFFAI28EA,57,1.72,住家用,磚造,51年9月15日,一層,一層
RPPNMLOKJIOFFAI28EA,48,175.93,見其他登記事項,見其他登記事項,60年12月12日,3,一層 二層 三層 見其他登記事項
RPPNMLQKJIOFFAI28CA,27,272.30,住商用,鋼筋混凝土造,81年12月16日,五層,一層 二層 三層 四層 五層 騎樓
RPTNMLKMJIOFFAI28CA,14,181.26,住家用,鋼筋混凝土造,94年5月2日,四層,一層 二層 三層 四層
RPQNMLNJKIOFFAI08CA,72,38.36,住家用,木造,36年10月12日,二層,一層 二層
RPPNMLNJKIOFFAI97CA,12,8.36,見其他登記事項,鋼筋混凝土造,97年3月3日,四層,四層
RPPNMLNJKIOFFAI97CA,12,5.66,共有部份,鋼筋混凝土造,97年3月3日,四層,
RPQNMLMJKIOFFAI97CA,3,194.41,住家用,見其他登記事項,105年5月3日,四層,三層
RPQNMLMJKIOFFAI97CA,3,99.94,見其他登記事項,見其他登記事項,105年5月3日,四層,
RPQNMLMJKIOFFAI97CA,3,.35,見其他登記事項,見其他登記事項,105年5月3日,一層,
RPROMLOKJIOFFAI38CA,6,271.04,見其他登記事項,見其他登記事項,102年6月28日,四層,一層 二層 三層 四層 見其他登記事項
RPROMLOJKIOFFAI38CA,41,105.34,住家用,鋼筋混凝土加強磚造,67年9月18日,二層,一層 二層
RPOOMLOJKIOFFAI08CA,27,89.45,住家用,鋼筋混凝土造,82年1月5日,七層,七層
RPOOMLOJKIOFFAI08CA,27,29.79,共有部份,鋼筋混凝土造,82年1月5日,七層,
RPTNMLSLJIOFFAI98CA,26,147.75,住家用,鋼筋混凝土造,82年6月23日,十三層,四層
RPTNMLSLJIOFFAI98CA,26,7.09,共有部份,鋼筋混凝土造,82年6月23日,十三層,
RPTNMLSLJIOFFAI98CA,26,9.94,共有部份,鋼筋混凝土造,82年6月23日,十三層,
RPQNMLNLJIOFFAI18CA,25,413.08,住家用,鋼筋混凝土造,84年1月27日,五層,一層 二層 三層 四層 五層 騎樓
RPRNMLNLJIOFFAI28CA,15,115.40,住家用,鋼筋混凝土造,93年11月1日,十四層,二層
RPRNMLNLJIOFFAI28CA,15,73.25,共有部份,鋼筋混凝土造,93年11月1日,十四層,
RPVNMLPKJIOFFAI78CA,50,84.48,住家用,加強磚造,59年1月27日,二層,一層 二層
RPXNMLPKJIOFFAI98CA,45,91.12,住家用,鋼筋混凝土加強磚造,63年11月23日,二層,一層 二層 騎樓
RPOOMLPKJIOFFAI18CA,24,109.17,住家用,鋼筋混凝土造,84年10月2日,十四層,七層 八層
RPOOMLPKJIOFFAI18CA,24,19.27,共有部份,鋼筋混凝土造,84年10月2日,十四層,
RPOOMLPKJIOFFAI18CA,24,20.62,共有部份,鋼筋混凝土造,84年10月2日,十四層,
RPTNMLTKJIOFFAI98CA,15,115.81,住家用,鋼筋混凝土造,93年10月28日,十四層,八層
RPTNMLTKJIOFFAI98CA,15,79.80,共有部份,鋼筋混凝土造,93年10月28日,十四層,
RPPOMLNJKIOFFAI08CA,3,234.08,見其他登記事項,見其他登記事項,105年12月9日,四層,一層 二層 三層 四層 見其他登記事項
RPXNMLSKJIOFFAI66CA,9,221.93,住家用,見其他登記事項,99年4月16日,四層,一層 二層 三層 四層
RPQNMLTKJIOFFAI68CA,40,275.75,商業用,鋼筋混凝土造,69年3月3日,八層,四層
RPXOMLOJKIOFFAI98CA,45,51.67,住家用,木造,64年3月20日,一層,一層
RPSOMLOJKIOFFAI48CA,5,220.18,見其他登記事項,見其他登記事項,103年12月24日,四層,一層 二層 三層 四層
RPSOMLOJKIOFFAI48CA,5,.11,見其他登記事項,見其他登記事項,103年12月24日,一層,
RPTNMLNLJIOFFAI48CA,25,412.91,住家用,鋼筋混凝土造,84年1月27日,五層,一層 二層 三層 四層 五層 騎樓
RPRNMLOJKIOFFAI48EA,39,100.51,住商用,鋼筋混凝土加強磚造,70年2月21日,二層,一層 二層 騎樓
RPOOMLKMJIOFFAI87CA,30,145.22,住家用,加強磚造,78年7月5日,二層,一層 二層 夾層
RPQOMLLKKIOFFAI08CA,26,4.61,共有部份,鋼筋混凝土造,82年8月17日,七層,
RPQOMLLKKIOFFAI08CA,26,188.11,住商用,鋼筋混凝土造,82年8月17日,七層,一層 二層 騎樓 地下層
RPQOMLLKKIOFFAI08CA,26,5.00,共有部份,鋼筋混凝土造,82年8月17日,七層,
RPVNMLQLJIOFFAI56EA,30,140.94,住家用,鋼筋混凝土造,78年11月30日,二層,一層 二層 夾層
RPXOMLMLJIOFFAI88CA,25,60.37,住家用,鋼筋混凝土造,83年11月11日,二十一層,四層
RPXOMLMLJIOFFAI88CA,25,14.41,共有部份,鋼筋混凝土造,83年11月11日,二十一層,
RPSNMLLLJIOFFAI18CA,33,91.56,住家用,加強磚造,75年7月28日,二層,一層 二層
RPVNMLSKJIOFFAI09CA,25,90.98,住家用,鋼筋混凝土造,83年5月30日,十六層,十二層
RPVNMLSKJIOFFAI09CA,25,29.23,共有部份,鋼筋混凝土造,83年5月30日,十六層,
RPUNMLSKJIOFFAI98CA,20,82.20,住家用,鋼筋混凝土造,88年12月2日,五層,一層
RPUNMLSKJIOFFAI98CA,20,16.15,共有部份,鋼筋混凝土造,88年12月2日,五層,
RPTOMLOKJIOFFAI58CA,37,49.40,住家用,鋼筋混凝土造,71年11月16日,五層,五層
RPTOMLOKJIOFFAI58CA,37,7.05,共有部份,鋼筋混凝土造,71年11月16日,五層,
RPOPMLOKJIOFFAI18CA,52,79.70,住商用,鋼筋混凝土加強磚造,56年6月26日,二層,一層 二層 騎樓
RPXOMLOKJIOFFAI98CA,24,78.38,住家用,鋼筋混凝土造,84年10月4日,十一層,二層
RPXOMLOKJIOFFAI98CA,24,10.01,共有部份,鋼筋混凝土造,84年10月4日,十一層,
RPXOMLOKJIOFFAI98CA,24,14.19,共有部份,鋼筋混凝土造,84年10月4日,十一層,
RPWOMLOKJIOFFAI88CA,15,64.47,住家用,鋼筋混凝土造,93年10月29日,十四層,十一層
RPWOMLOKJIOFFAI88CA,15,42.58,共有部份,鋼筋混凝土造,93年10月29日,十四層,
RPUOMLOKJIOFFAI68CA,37,49.40,住家用,鋼筋混凝土造,71年11月16日,五層,五層
RPWOMLOKJIOFFAI88CA,15,64.47,住家用,鋼筋混凝土造,93年10月29日,十四層,十一層
RPUOMLOKJIOFFAI68CA,37,7.05,共有部份,鋼筋混凝土造,71年11月16日,五層,
RPWOMLOKJIOFFAI88CA,15,42.58,共有部份,鋼筋混凝土造,93年10月29日,十四層,
RPSOMLNLJIOFFAI48CA,31,31.23,見其他登記事項,鋼筋混凝土造,77年11月8日,七層,六層
RPSOMLNLJIOFFAI48CA,31,5.22,共有部份,鋼筋混凝土造,77年11月8日,七層,
RPPOMLKMJIOFFAI97CA,37,75.77,住家用,鋼筋混凝土造,72年3月31日,五層,四層
RPPOMLKMJIOFFAI97CA,37,7.31,共有部份,鋼筋混凝土造,72年3月31日,五層,
RPTPMLPLJIOFFAI88CA,13,192.61,住商用,鋼筋混凝土造,96年3月16日,四層,一層 二層 三層 四層
RPOPMLOJKIOFFAI18CA,29,75.72,住家用,鋼筋混凝土造,79年10月15日,七層,四層
RPOPMLOJKIOFFAI18CA,29,9.49,共有部份,鋼筋混凝土造,79年10月15日,七層,
RPTOMLOJKIOFFAI58CA,27,81.46,住家用,鋼筋混凝土造,81年11月17日,七層,四層
RPTOMLOJKIOFFAI58CA,27,27.88,共有部份,鋼筋混凝土造,81年11月17日,七層,
RPQNMLLLJIOFFAI18EA,26,60.47,共有部份,鋼筋混凝土造,83年4月2日,六層,
RPQNMLLLJIOFFAI18EA,26,170.88,住商用,鋼筋混凝土造,83年4月2日,六層,一層 二層 三層 騎樓
RPTNMLLLJIOFFAI48EA,42,89.36,住家用,鋼筋混凝土加強磚造,67年1月20日,二層,一層 二層 騎樓
RPOOMLLKKIOFFAI87CA,41,114.21,見其他登記事項,見其他登記事項,67年7月21日,二層,一層 二層 見其他登記事項
RPRNMLTKJIOFFAI78CA,45,319.01,住家用,鋼筋混凝土加強磚造,64年1月24日,三層,一層 二層 三層 騎樓
RPWNMLTJKIOFFAI66CA,3,257.57,見其他登記事項,見其他登記事項,105年6月8日,四層,一層 二層 三層 四層
RPWNMLTJKIOFFAI66CA,3,.07,見其他登記事項,見其他登記事項,105年10月27日,十層,
RPWNMLTJKIOFFAI66CA,3,.39,住家用,見其他登記事項,105年6月8日,十層,一層
RPTNMLNJKIOFFAI38CA,26,98.15,住家用,鋼筋混凝土造,83年1月21日,十二層,七層
RPTNMLNJKIOFFAI38CA,26,20.11,共有部份,鋼筋混凝土造,83年1月21日,十二層,
RPTNMLNJKIOFFAI38CA,26,16.51,共有部份,鋼筋混凝土造,83年1月21日,十二層,
RPXNMLKLJIOFFAI58CA,44,118.68,住家用,鋼筋混凝土加強磚造,64年12月24日,二層,一層 二層
RPWNMLPJKIOFFAI88CA,24,69.22,住家用,鋼筋混凝土造,84年10月4日,十一層,九層
RPWNMLPJKIOFFAI88CA,24,14.58,共有部份,鋼筋混凝土造,84年10月4日,十一層,
RPWNMLPJKIOFFAI88CA,24,7.79,共有部份,鋼筋混凝土造,84年10月4日,十一層,
RPOOMLRKKIOFFAI48CA,,190.18,見其他登記事項,見其他登記事項,108年9月4日,三層,一層 二層 三層 見其他登記事項
RPXNMLRKKIOFFAI66CA,,190.18,見其他登記事項,見其他登記事項,108年9月4日,三層,一層 二層 三層 見其他登記事項
RPUNMLRKKIOFFAI98CA,,214.47,見其他登記事項,見其他登記事項,108年9月4日,三層,一層 二層 三層 見其他登記事項
RPWNMLRKKIOFFAI56CA,,234.80,見其他登記事項,見其他登記事項,108年9月4日,四層,一層 二層 三層 四層
RPTOMLRKKIOFFAI98CA,,195.77,見其他登記事項,見其他登記事項,108年9月4日,三層,一層 二層 三層 見其他登記事項
RPSOMLRKKIOFFAI88CA,,197.23,見其他登記事項,見其他登記事項,108年9月4日,三層,一層 二層 三層 見其他登記事項
RPUOMLRKKIOFFAI09CA,,280.73,見其他登記事項,見其他登記事項,108年9月4日,四層,一層 二層 三層 四層
RPOOMLKLJIOFFAI77CA,29,81.30,住家用,鋼筋混凝土造,79年11月10日,八層,二層
RPOOMLKLJIOFFAI77CA,29,13.68,共有部份,鋼筋混凝土造,79年11月10日,八層,
RPPOMLTLJIOFFAI78CA,23,10.92,共有部份,鋼筋混凝土造,86年1月31日,十四層,
RPPOMLTLJIOFFAI78CA,23,98.36,住家用,鋼筋混凝土造,86年1月31日,十四層,十層
RPPOMLTLJIOFFAI78CA,23,17.44,共有部份,鋼筋混凝土造,86年1月31日,十四層,
RPPOMLKLJIOFFAI87CA,10,197.35,住家用,見其他登記事項,98年11月2日,三層,一層 二層 三層
RPPOMLKLJIOFFAI87CA,10,.41,見其他登記事項,見其他登記事項,98年11月2日,一層,
RPSNMLRKKIOFFAI78CA,,130.98,見其他登記事項,見其他登記事項,108年9月4日,四層,一層 二層 三層 四層
RPSNMLRKKIOFFAI78CA,,130.98,見其他登記事項,見其他登記事項,108年9月4日,四層,一層 二層 三層 四層
RPQOMLRKKIOFFAI68CA,,95.09,見其他登記事項,見其他登記事項,108年9月4日,三層,一層 二層 三層 見其他登記事項
RPQOMLRKKIOFFAI68CA,,95.09,見其他登記事項,見其他登記事項,108年9月4日,三層,一層 二層 三層 見其他登記事項
RPUNMLRLJIOFFAI98CA,19,178.60,住家用,鋼筋混凝土造,89年7月14日,三層,一層 二層 三層
RPUNMLNJKIOFFAI48CA,25,94.86,住家用,鋼筋混凝土造,83年7月1日,六層,三層
RPUNMLNJKIOFFAI48CA,25,43.27,共有部份,鋼筋混凝土造,83年7月1日,六層,
RPXOMLRKKIOFFAI76CA,8,198.03,住家用,見其他登記事項,100年4月25日,四層,一層 二層 三層 四層
RPSNMLMJKIOFFAI18CA,27,101.09,住家用,鋼筋混凝土造,82年3月25日,十二層,七層
RPSNMLMJKIOFFAI18CA,27,12.22,共有部份,鋼筋混凝土造,82年3月25日,十二層,
RPSNMLMJKIOFFAI18CA,27,18.79,共有部份,鋼筋混凝土造,82年3月25日,十二層,
RPXNMLTJKIOFFAI76CA,36,78.11,見其他登記事項,鋼筋混凝土造,73年2月20日,五層,五層
RPXNMLTJKIOFFAI76CA,36,9.14,共有部份,鋼筋混凝土造,73年2月20日,五層,
RPSNMLMLJIOFFAI28CA,26,18.57,住家用,鋼筋混凝土造,82年6月9日,十二層,五層
RPSNMLMLJIOFFAI28CA,26,5.41,共有部份,鋼筋混凝土造,82年6月9日,十二層,
RPSNMLMLJIOFFAI28CA,26,3.52,共有部份,鋼筋混凝土造,82年6月9日,十二層,
RPUNMLSLJIOFFAI09CA,30,33.91,住家用,鋼筋混凝土造,78年5月18日,五層,二層
RPUNMLSLJIOFFAI09CA,30,2.46,共有部份,鋼筋混凝土造,78年5月18日,五層,
RPUNMLSLJIOFFAI09CA,30,4.65,共有部份,鋼筋混凝土造,78年5月18日,五層,
RPQOMLKMJIOFFAI08CA,27,154.85,住商用,鋼筋混凝土造,82年1月11日,七層,一層 二層 騎樓
RPQOMLKMJIOFFAI08CA,27,96.34,共有部份,鋼筋混凝土造,82年1月11日,七層,
RPQNMLQKKIOFFAI48CA,25,17.28,住家用,鋼筋混凝土造,84年1月12日,五層,二層
RPQNMLQKKIOFFAI48CA,25,8.13,共有部份,鋼筋混凝土造,84年1月12日,五層,
RPUOMLMKKIOFFAI58CA,27,21.51,住家用,鋼筋混凝土造,82年2月9日,七層,二層
RPUOMLMKKIOFFAI58CA,27,3.98,共有部份,鋼筋混凝土造,82年2月9日,七層,
RPUOMLMKKIOFFAI58CA,27,4.78,共有部份,鋼筋混凝土造,82年2月9日,七層,
RPTNMLRKKIOFFAI88CA,,256.14,見其他登記事項,見其他登記事項,108年6月28日,四層,一層 二層 三層 四層
RPUNMLKLJIOFFAI28CA,57,55.77,住家用,木造,51年8月31日,二層,一層 二層
RPQNMLRKKIOFFAI58CA,,252.70,見其他登記事項,見其他登記事項,108年6月28日,四層,一層 二層 三層 四層
RPUPMLRKKIOFFAI56CA,26,89.89,住家用,鋼筋混凝土造,82年6月23日,十三層,十一層
RPUPMLRKKIOFFAI56CA,26,14.91,共有部份,鋼筋混凝土造,82年6月23日,十三層,
RPUPMLRKKIOFFAI56CA,26,11.13,共有部份,鋼筋混凝土造,82年6月23日,十三層,
RPUPMLRKKIOFFAI56CA,26,19.41,商業用,鋼筋混凝土造,82年6月23日,十三層,地下層
RPUPMLRKKIOFFAI56CA,26,3.04,共有部份,鋼筋混凝土造,82年6月23日,十三層,
RPRNMLRKKIOFFAI68CA,,227.93,見其他登記事項,見其他登記事項,108年6月28日,四層,一層 二層 三層 四層
RPWNMLKMJIOFFAI58CA,42,101.16,住家用,鋼筋混凝土加強磚造,66年6月16日,二層,一層 二層
RPXNMLKMJIOFFAI68CA,27,184.70,住家用,鋼筋混凝土造,81年11月18日,十六層,四層
RPXNMLKMJIOFFAI68CA,27,.44,共有部份,鋼筋混凝土造,81年11月18日,十六層,
RPXNMLKMJIOFFAI68CA,27,21.42,見其他登記事項,鋼筋混凝土造,81年11月18日,十六層,地下層
RPXNMLKMJIOFFAI68CA,27,30.77,共有部份,鋼筋混凝土造,81年11月18日,十六層,
RPXNMLKMJIOFFAI68CA,27,3.83,共有部份,鋼筋混凝土造,81年11月18日,十六層,
RPQOMLTLJIOFFAI88CA,35,53.08,住家用,鋼筋混凝土造,73年6月20日,五層,三層
RPQOMLTLJIOFFAI88CA,35,5.99,共有部份,鋼筋混凝土造,73年6月20日,五層,
RPQOMLTLJIOFFAI88CA,35,4.75,共有部份,鋼筋混凝土造,73年6月20日,五層,
RPWNMLNJKIOFFAI68CA,25,388.90,住商用,鋼筋混凝土造,83年9月2日,五層,一層 二層 三層 四層 五層 騎樓 地下層
RPPNMLKMJIOFFAI87CA,29,193.17,住家用,鋼筋混凝土造,80年1月11日,四層,一層 二層 三層 四層
RPPPMLRKKIOFFAI68CA,44,89.62,住家用,鋼筋混凝土加強磚造,64年5月11日,二層,一層 二層
RPSNMLSJKIOFFAI78CA,43,95.88,住家用,鋼筋混凝土加強磚造,66年2月12日,二層,一層 二層 騎樓
RPSOMLNJKIOFFAI38CA,18,229.19,見其他登記事項,鋼筋混凝土造,90年8月16日,四層,一層 二層 三層 四層
RPQNMLQLJIOFFAI48CA,25,87.32,住家用,鋼筋混凝土造,83年6月6日,十層,四層
RPQNMLQLJIOFFAI48CA,25,11.14,共有部份,鋼筋混凝土造,83年6月6日,十層,
RPQNMLQLJIOFFAI48CA,25,4.52,共有部份,鋼筋混凝土造,83年6月6日,十層,
RPROMLSLJIOFFAI88CA,27,67.02,住家用,鋼筋混凝土造,82年1月5日,十二層,十二層
RPROMLSLJIOFFAI88CA,27,31.15,共有部份,鋼筋混凝土造,82年1月5日,十二層,
RPROMLSLJIOFFAI88CA,27,3.34,共有部份,鋼筋混凝土造,82年1月5日,十二層,
RPXNMLPJKIOFFAI98CA,31,37.19,見其他登記事項,鋼筋混凝土造,77年11月8日,七層,七層
RPXNMLPJKIOFFAI98CA,31,6.24,共有部份,鋼筋混凝土造,77年11月8日,七層,
RPTOMLNJKIOFFAI48CA,3,203.80,見其他登記事項,見其他登記事項,106年4月17日,三層,一層 二層 三層 見其他登記事項
RPRNMLMLJIOFFAI38EA,38,98.38,住家用,鋼筋混凝土加強磚造,70年8月19日,二層,一層 二層
RPQPMLQKKIOFFAI68CA,15,108.26,住家用,鋼筋混凝土造,93年11月3日,十四層,十一層
RPQPMLQKKIOFFAI68CA,15,75.38,共有部份,鋼筋混凝土造,93年11月3日,十四層,
RPTNMLPLJIOFFAI68CA,41,92.72,住家用,鋼筋混凝土造,68年4月3日,五層,三層
RPUNMLPLJIOFFAI78CA,,244.01,住家用,見其他登記事項,108年6月27日,四層,一層 二層 三層 四層
RPOOMLPLJIOFFAI28CA,9,183.12,住家用,見其他登記事項,100年1月20日,四層,一層 二層 三層 四層
RPQNMLTLJIOFFAI78CA,26,51.06,住家用,鋼筋混凝土造,82年8月23日,九層,五層
RPQNMLTLJIOFFAI78CA,26,12.00,共有部份,鋼筋混凝土造,82年8月23日,九層,
RPQNMLTLJIOFFAI78CA,26,5.84,共有部份,鋼筋混凝土造,82年8月23日,九層,
RPUOMLPLJIOFFAI88CA,,190.37,住家用,見其他登記事項,108年6月27日,四層,一層 二層 三層 四層
RPVOMLPLJIOFFAI98CA,,190.09,住家用,見其他登記事項,108年6月27日,四層,一層 二層 三層 四層
RPPPMLPLJIOFFAI48CA,1,320.61,見其他登記事項,見其他登記事項,108年4月18日,四層,一層 二層 三層 四層 見其他登記事項
RPQPMLPLJIOFFAI58CA,21,188.28,見其他登記事項,鋼筋混凝土造,87年11月21日,四層,一層 二層 三層 四層
RPVNMLPLJIOFFAI88CA,,233.14,住家用,見其他登記事項,108年6月27日,四層,一層 二層 三層 四層
RPXNMLPLJIOFFAI09CA,,227.20,住家用,見其他登記事項,108年6月27日,四層,一層 二層 三層 四層
RPPOMLPLJIOFFAI38CA,,244.86,住家用,見其他登記事項,108年6月27日,四層,一層 二層 三層 四層
RPROMLPLJIOFFAI58CA,,230.15,住家用,見其他登記事項,108年6月27日,四層,一層 二層 三層 四層
RPTOMLPLJIOFFAI78CA,,340.58,住家用,見其他登記事項,108年6月27日,四層,一層 二層 三層 四層
RPVNMLQLJIOFFAI98CA,28,196.92,住家用,鋼筋混凝土造,80年9月5日,四層,一層 二層 三層 四層
RPUOMLNJKIOFFAI58CA,67,50.54,住家用,見其他登記事項,42年5月1日,一層,一層
RPOOMLPJKIOFFAI18CA,47,137.00,住家用,鋼筋混凝土加強磚造,61年9月18日,二層,一層 二層 騎樓
RPSNMLPJKIOFFAI48CA,28,115.17,住家用,鋼筋混凝土造,80年6月27日,十五層,七層
RPSNMLPJKIOFFAI48CA,28,19.30,共有部份,鋼筋混凝土造,80年6月27日,十五層,
RPSNMLPJKIOFFAI48CA,28,1.74,共有部份,鋼筋混凝土造,80年6月27日,十五層,
RPSNMLPJKIOFFAI48CA,28,25.85,見其他登記事項,鋼筋混凝土造,80年6月27日,十五層,地下層
RPPNMLSJKIOFFAI48CA,17,113.07,住商用,鋼筋混凝土造,92年3月17日,十四層,一層
RPPNMLSJKIOFFAI48CA,17,63.04,共有部份,鋼筋混凝土造,92年3月17日,十四層,
RPRNMLQKKIOFFAI58CA,26,116.86,住家用,鋼筋混凝土造,82年5月26日,九層,二層
RPRNMLQKKIOFFAI58CA,26,19.74,共有部份,鋼筋混凝土造,82年5月26日,九層,
RPRNMLQKKIOFFAI58CA,26,28.19,共有部份,鋼筋混凝土造,82年5月26日,九層,
RPOOMLTLJIOFFAI68CA,10,173.85,見其他登記事項,見其他登記事項,99年2月6日,三層,一層 二層 三層 見其他登記事項
RPPOMLTJKIOFFAI68CA,26,110.55,住家用,鋼筋混凝土造,83年1月21日,十二層,八層
RPPOMLTJKIOFFAI68CA,26,22.66,共有部份,鋼筋混凝土造,83年1月21日,十二層,
RPPOMLTJKIOFFAI68CA,26,17.70,共有部份,鋼筋混凝土造,83年1月21日,十二層,
RPQOMLTJKIOFFAI78CA,24,37.24,住家用,鋼筋混凝土造,85年3月11日,二十層,十層
RPQOMLTJKIOFFAI78CA,24,9.04,共有部份,鋼筋混凝土造,85年3月11日,二十層,
RPOOMLTJKIOFFAI58CA,57,74.43,住家用,見其他登記事項,51年6月10日,二層,一層 二層
RPOOMLRLJIOFFAI48CA,31,62.53,住家用,鋼筋混凝土造,77年11月8日,七層,六層
RPOOMLRLJIOFFAI48CA,31,10.51,共有部份,鋼筋混凝土造,77年11月8日,七層,
RPRPMLQKKIOFFAI78CA,29,25.50,住家用,鋼筋混凝土造,79年10月23日,七層,六層
RPRPMLQKKIOFFAI78CA,29,7.15,共有部份,鋼筋混凝土造,79年10月13日,七層,
RPRPMLQKKIOFFAI78CA,29,4.28,共有部份,鋼筋混凝土造,79年10月23日,七層,
RPTPMLRKKIOFFAI09CA,43,47.81,住家用,磚造,65年10月1日,一層,一層
RPUOMLOJKIOFFAI68CA,4,90.67,見其他登記事項,見其他登記事項,105年5月10日,十四層,五層
RPUOMLOJKIOFFAI68CA,4,15.46,見其他登記事項,見其他登記事項,105年5月10日,十四層,
RPUOMLOJKIOFFAI68CA,4,28.02,見其他登記事項,見其他登記事項,105年5月10日,十四層,
RPSNMLTLJIOFFAI98CA,44,82.08,住家用,鋼筋混凝土加強磚造,64年6月13日,二層,一層 二層
RPPNMLNLKIOFFAI18CA,14,178.10,住家用,鋼筋混凝土造,94年8月19日,四層,一層 二層 三層 四層
RPXNMLSLJIOFFAI96EA,34,127.81,住家用,鋼筋混凝土造,74年7月24日,二層,一層 二層 騎樓
RPQNMLRLJIOFFAI78EA,12,167.61,見其他登記事項,鋼筋混凝土造,96年7月9日,三層,一層 二層 三層 見其他登記事項
RPRNMLLKKIOFFAI28EA,25,348.98,住商用,鋼筋混凝土造,83年9月16日,五層,一層 二層 三層 四層 五層 騎樓
RPWOMLSKKIOFFAI76CA,3,14.31,見其他登記事項,見其他登記事項,105年5月10日,十四層,
RPOOMLSLJIOFFAI78EA,25,253.00,見其他登記事項,鋼筋混凝土造,83年12月19日,十二層,五層
RPOOMLSLJIOFFAI78EA,25,71.75,共有部份,鋼筋混凝土造,83年12月19日,十二層,
RPQOMLNLKIOFFAI58EA,,57.13,,,,,
RPQOMLNLKIOFFAI58EA,22,10.80,共有部份,鋼筋混凝土造,87年3月19日,二十二層,
RPQOMLNLKIOFFAI58EA,22,11.63,共有部份,鋼筋混凝土造,87年3月19日,二十二層,
RPVNMLRLJIOFFAI09CA,26,121.67,住家用,鋼筋混凝土造,82年8月20日,四層,一層 二層 三層 四層
RPXOMLSKKIOFFAI86CA,3,14.31,見其他登記事項,見其他登記事項,105年5月10日,十四層,
RPROMLKMJIOFFAI18CA,24,77.26,住家用,鋼筋混凝土造,85年3月11日,二十層,十四層
RPROMLKMJIOFFAI18CA,24,19.58,共有部份,鋼筋混凝土造,85年3月11日,二十層,
RPXNMLTLJIOFFAI86CA,28,19.30,共有部份,鋼筋混凝土造,80年6月27日,十五層,
RPXNMLTLJIOFFAI86CA,28,115.17,住家用,鋼筋混凝土造,80年6月27日,十五層,五層
RPXNMLTLJIOFFAI86CA,28,1.74,共有部份,鋼筋混凝土造,80年6月27日,十五層,
RPXNMLTLJIOFFAI86CA,28,25.85,見其他登記事項,鋼筋混凝土造,80年6月27日,十五層,地下層
RPRNMLNJKIOFFAI18CA,28,94.97,住家用,加強磚造,80年6月15日,二層,一層 二層
RPSNMLRLJIOFFAI98EA,15,127.58,住家用,鋼筋混凝土造,93年10月29日,十四層,六層
RPSNMLRLJIOFFAI98EA,15,84.90,共有部份,鋼筋混凝土造,93年10月29日,十四層,
RPRPMLRKKIOFFAI88CA,24,87.06,住家用,鋼筋混凝土造,85年3月11日,二十層,十三層
RPRPMLRKKIOFFAI88CA,24,27.11,共有部份,鋼筋混凝土造,85年3月11日,二十層,
RPWOMLRKKIOFFAI66CA,26,32.13,住家用,鋼筋混凝土造,82年8月17日,七層,六層
RPWOMLRKKIOFFAI66CA,26,5.38,共有部份,鋼筋混凝土造,82年8月17日,七層,
RPWOMLRKKIOFFAI66CA,26,5.83,共有部份,鋼筋混凝土造,82年8月17日,七層,
RPTNMLRLJIOFFAI88CA,27,91.80,住家用,鋼筋混凝土造,82年3月25日,十二層,八層
RPTNMLRLJIOFFAI88CA,27,9.07,共有部份,鋼筋混凝土造,82年3月25日,十二層,
RPTNMLRLJIOFFAI88CA,27,13.12,共有部份,鋼筋混凝土造,82年3月25日,十二層,
RPOOMLQKKIOFFAI38CA,,129.95,,,,,
RPOOMLQKKIOFFAI38CA,22,4.86,共有部份,鋼筋混凝土造,87年3月19日,二十二層,
RPOOMLQKKIOFFAI38CA,22,27.14,共有部份,鋼筋混凝土造,87年3月19日,二十二層,
RPRNMLRLJIOFFAI88EA,54,37.29,住家用,木造,54年8月20日,一層,一層
RPTNMLQKKIOFFAI78CA,45,95.88,住家用,鋼筋混凝土加強磚造,63年11月14日,二層,一層 二層
RPROMLQKKIOFFAI68CA,4,439.71,見其他登記事項,見其他登記事項,105年5月3日,四層,一層 二層 三層 四層
RPROMLQKKIOFFAI68CA,4,.35,見其他登記事項,見其他登記事項,105年5月3日,一層,
RPWNMLQKKIOFFAI09CA,14,183.22,見其他登記事項,鋼筋混凝土造,94年5月23日,四層,一層 二層 三層 四層
RPSNMLSKKIOFFAI88CA,34,150.27,住家用,鋼筋混凝土造,75年4月23日,二層,一層 二層
RPQNMLSKKIOFFAI68CA,27,53.30,住家用,鋼筋混凝土造,82年3月25日,五層,三層
RPQNMLSKKIOFFAI68CA,27,18.61,共有部份,鋼筋混凝土造,82年3月25日,五層,
RPTOMLTKKIOFFAI56CA,27,77.19,住家用,鋼筋混凝土造,81年12月31日,五層,一層
RPTOMLTKKIOFFAI56CA,27,13.39,共有部份,鋼筋混凝土造,81年12月31日,五層,
RPTOMLTKKIOFFAI56CA,27,12.56,共有部份,鋼筋混凝土造,81年12月31日,五層,
RPTNMLMKKIOFFAI38CA,26,52.63,住家用,鋼筋混凝土造,83年5月6日,七層,六層
RPTNMLMKKIOFFAI38CA,26,10.73,共有部份,鋼筋混凝土造,83年5月6日,七層,
RPTNMLMKKIOFFAI38CA,26,10.08,共有部份,鋼筋混凝土造,83年5月6日,七層,
RPUNMLMJKIOFFAI38CA,27,28.05,住家用,鋼筋混凝土造,81年12月18日,五層,三層
RPUNMLMJKIOFFAI38CA,27,5.01,共有部份,鋼筋混凝土造,81年12月18日,五層,
RPUNMLMJKIOFFAI38CA,27,2.44,共有部份,鋼筋混凝土造,81年12月18日,五層,
RPSOMLQKKIOFFAI78CA,28,5.25,見其他登記事項,鋼筋混凝土造,80年7月10日,六層,地下層
RPSOMLQKKIOFFAI78CA,28,9.54,共有部份,鋼筋混凝土造,80年7月10日,六層,
RPSOMLQKKIOFFAI78CA,28,35.67,住家用,鋼筋混凝土造,80年7月10日,六層,二層
RPSOMLQKKIOFFAI78CA,28,.00,共有部份,鋼筋混凝土造,80年7月10日,六層,
RPUNMLTLJIOFFAI56CA,52,37.03,住家用,木造,56年7月15日,一層,一層
RPOPMLRKKIOFFAI58CA,32,306.89,住商用,鋼筋混凝土造,76年12月3日,三層,一層 二層 三層 騎樓 地下層
RPVNMLTLJIOFFAI66CA,,172.24,見其他登記事項,見其他登記事項,108年6月24日,三層,一層 二層 三層 見其他登記事項
RPVOMLRKKIOFFAI56CA,26,30.71,住家用,鋼筋混凝土造,82年6月9日,十六層,九層
RPVOMLRKKIOFFAI56CA,26,5.02,共有部份,鋼筋混凝土造,82年6月9日,十六層,
RPVOMLRKKIOFFAI56CA,26,6.59,共有部份,鋼筋混凝土造,82年6月9日,十六層,
RPPOMLSLJIOFFAI68CA,30,128.22,住商用,鋼筋混凝土造,78年8月9日,三層,一層 二層 三層
RPWNMLQJKIOFFAI98CA,26,30.71,住家用,鋼筋混凝土造,82年6月9日,十六層,九層
RPWNMLQJKIOFFAI98CA,26,5.02,共有部份,鋼筋混凝土造,82年6月9日,十六層,
RPWNMLQJKIOFFAI98CA,26,6.59,共有部份,鋼筋混凝土造,82年6月9日,十六層,
RPPNMLSLJIOFFAI58CA,17,108.13,住商用,鋼筋混凝土造,92年3月17日,十三層,一層
RPPNMLSLJIOFFAI58CA,17,60.33,共有部份,鋼筋混凝土造,92年3月17日,十四層,
RPQOMLSLJIOFFAI78CA,38,87.48,住商用,鋼筋混凝土加強磚造,70年12月22日,二層,一層 二層
RPQOMLRLJIOFFAI68CA,22,34.93,住家用,鋼筋混凝土造,86年5月16日,七層,三層
RPQOMLRLJIOFFAI68CA,22,6.70,共有部份,鋼筋混凝土造,86年5月16日,七層,
RPQOMLRLJIOFFAI68CA,22,10.03,共有部份,鋼筋混凝土造,86年5月16日,七層,
RPTNMLLKKIOFFAI48EA,22,88.71,住家用,鋼筋混凝土造,87年4月21日,十六層,八層
RPTNMLLKKIOFFAI48EA,22,3.49,共有部份,鋼筋混凝土造,87年4月21日,十六層,
RPTNMLLKKIOFFAI48EA,22,21.97,共有部份,鋼筋混凝土造,87年4月21日,十六層,
RPTNMLTLJIOFFAI09CA,1,241.73,見其他登記事項,見其他登記事項,107年11月12日,三層,一層 二層 三層 見其他登記事項
RPXNMLQJKIOFFAI09CA,26,89.76,住家用,鋼筋混凝土造,82年5月25日,十層,九層
RPXNMLQJKIOFFAI09CA,26,14.35,共有部份,鋼筋混凝土造,82年5月25日,十層,
RPXNMLQJKIOFFAI09CA,26,11.66,共有部份,鋼筋混凝土造,82年5月25日,十層,
RPVNMLQJKIOFFAI88CA,29,98.59,住家用,鋼筋混凝土造,79年11月19日,七層,六層
RPVNMLQJKIOFFAI88CA,29,27.32,共有部份,鋼筋混凝土造,79年11月19日,七層,
RPROMLNJKIOFFAI28CA,25,11.44,住家用,鋼筋混凝土造,83年11月25日,十六層,地下層
RPROMLNJKIOFFAI28CA,25,.00,共有部份,鋼筋混凝土造,83年11月25日,十六層,
RPVNMLNJKIOFFAI58CA,26,28.72,住家用,鋼筋混凝土造,82年6月9日,十六層,九層
RPVNMLNJKIOFFAI58CA,26,7.52,共有部份,鋼筋混凝土造,82年6月9日,十六層,
RPVNMLNJKIOFFAI58CA,26,4.66,共有部份,鋼筋混凝土造,82年6月9日,十六層,
RPRNMLNLKIOFFAI38CA,26,103.53,住家用,鋼筋混凝土造,82年12月23日,十二層,五層
RPRNMLNLKIOFFAI38CA,26,10.34,共有部份,鋼筋混凝土造,82年12月23日,十二層,
RPRNMLNLKIOFFAI38CA,26,1.20,共有部份,鋼筋混凝土造,82年12月23日,十二層,
RPRNMLNLKIOFFAI38CA,26,15.81,共有部份,鋼筋混凝土造,82年12月23日,十二層,
RPWNMLNLKIOFFAI88CA,26,60.41,住家用,鋼筋混凝土造,82年6月16日,六層,三層
RPWNMLNLKIOFFAI88CA,26,16.53,共有部份,鋼筋混凝土造,82年6月16日,六層,
RPWNMLNLKIOFFAI88CA,26,10.85,共有部份,鋼筋混凝土造,82年6月16日,六層,
RPWNMLNLKIOFFAI88CA,26,.77,見其他登記事項,鋼筋混凝土造,82年6月16日,六層,地下層
RPWNMLNLKIOFFAI88CA,26,.01,共有部份,鋼筋混凝土造,82年6月16日,六層,
RPWNMLNLKIOFFAI88CA,26,.02,共有部份,鋼筋混凝土造,82年6月16日,六層,
RPROMLLLKIOFFAI28CA,25,74.93,住家用,鋼筋混凝土造,83年9月14日,十二層,三層
RPROMLLLKIOFFAI28CA,25,24.71,共有部份,鋼筋混凝土造,83年9月14日,十二層,
RPROMLPJKIOFFAI48CA,25,42.09,住家用,鋼筋混凝土造,83年12月31日,十二層,八層
RPROMLPJKIOFFAI48CA,25,15.96,共有部份,鋼筋混凝土造,83年12月31日,十二層,
RPXNMLNJKIOFFAI78CA,24,28.60,住家用,鋼筋混凝土造,85年1月30日,十四層,十三層
RPXNMLNJKIOFFAI78CA,24,7.62,共有部份,鋼筋混凝土造,85年1月31日,十四層,
RPQNMLPJKIOFFAI28CA,48,73.60,住家用,鋼筋混凝土加強磚造,60年4月5日,二層,一層 二層
RPUNMLOLKIOFFAI78CA,30,1705.80,住商用,加強磚造,78年10月24日,二層,一層 二層
RPVNMLMJKIOFFAI68EA,31,8.61,共有部份,鋼筋混凝土造,78年4月15日,七層,
RPVNMLMJKIOFFAI68EA,31,32.62,住家用,鋼筋混凝土造,78年4月15日,七層,二層
RPVNMLMJKIOFFAI68EA,31,3.07,共有部份,鋼筋混凝土造,78年4月15日,七層,
RPSNMLQJKIOFFAI58CA,4,325.32,住家用,見其他登記事項,104年11月10日,四層,一層 二層 三層 四層
RPOPMLSKKIOFFAI68CA,26,24.87,住家用,鋼筋混凝土造,83年1月27日,七層,四層
RPOPMLSKKIOFFAI68CA,26,9.36,共有部份,鋼筋混凝土造,83年1月27日,七層,
RPPNMLOKKIOFFAI18CA,26,18.81,住家用,鋼筋混凝土造,82年6月9日,十二層,二層
RPPNMLOKKIOFFAI18CA,26,5.45,共有部份,鋼筋混凝土造,82年6月9日,十二層,
RPPNMLOKKIOFFAI18CA,26,3.52,共有部份,鋼筋混凝土造,82年6月9日,十二層,
RPUOMLLLKIOFFAI58CA,26,56.61,住家用,鋼筋混凝土造,82年6月23日,十三層,九層
RPUOMLLLKIOFFAI58CA,26,6.73,共有部份,鋼筋混凝土造,82年6月23日,十三層,
RPUOMLLLKIOFFAI58CA,26,8.94,共有部份,鋼筋混凝土造,82年6月23日,十三層,
RPVOMLNJKIOFFAI68CA,58,90.18,住家用,見其他登記事項,50年7月1日,二層,一層 二層
RPPOMLOJKIOFFAI18CA,21,239.25,住家用,鋼筋混凝土造,87年8月21日,四層,一層 二層 三層 四層
RPVOMLLLKIOFFAI68CA,24,83.81,住家用,鋼筋混凝土造,84年8月16日,十八層,七層
RPVOMLLLKIOFFAI68CA,24,29.05,共有部份,鋼筋混凝土造,84年8月16日,十九層,
RPPOMLMKKIOFFAI08CA,26,63.04,住家用,鋼筋混凝土造,82年12月20日,十二層,六層
RPPOMLMKKIOFFAI08CA,26,22.21,共有部份,鋼筋混凝土造,82年12月20日,十二層,
RPQNMLKKKIOFFAI87CA,19,242.24,見其他登記事項,鋼筋混凝土造,89年12月22日,四層,一層 二層 三層 四層
RPTPMLQKKIOFFAI98CA,26,99.73,住家用,鋼筋混凝土造,82年5月15日,十五層,三層
RPTPMLQKKIOFFAI98CA,26,15.62,共有部份,鋼筋混凝土造,82年5月15日,十五層,
RPTPMLQKKIOFFAI98CA,26,11.23,共有部份,鋼筋混凝土造,82年5月15日,十五層,
RPVNMLOJKIOFFAI88EA,40,116.77,住家用,鋼筋混凝土加強磚造,68年11月7日,二層,一層 二層
RPVNMLPJKIOFFAI98EA,47,48.90,住家用,見其他登記事項,62年4月30日,一層,一層 騎樓
RPPNMLLLKIOFFAI97CA,24,23.57,住家用,鋼筋混凝土造,84年10月4日,十一層,四層
RPPNMLLLKIOFFAI97CA,24,4.55,共有部份,鋼筋混凝土造,84年10月4日,十一層,
RPPNMLLLKIOFFAI97CA,24,3.34,共有部份,鋼筋混凝土造,84年10月4日,十一層,
RPWNMLKKKIOFFAI48CA,3,95.93,見其他登記事項,見其他登記事項,105年12月12日,七層,五層
RPWNMLKKKIOFFAI48CA,3,51.96,見其他登記事項,見其他登記事項,105年12月12日,七層,
RPPOMLTKKIOFFAI78CA,2,123.16,住家用,見其他登記事項,107年2月22日,十層,九層
RPPOMLTKKIOFFAI78CA,2,36.28,見其他登記事項,見其他登記事項,107年2月22日,十層,
RPPOMLTKKIOFFAI78CA,2,32.25,見其他登記事項,見其他登記事項,107年2月22日,十層,
RPPOMLTKKIOFFAI78CA,2,.00,見其他登記事項,見其他登記事項,107年2月22日,十層,
RPPOMLTKKIOFFAI78CA,2,.01,見其他登記事項,見其他登記事項,107年2月22日,十層,一層
RPPOMLTKKIOFFAI78CA,2,.00,見其他登記事項,見其他登記事項,107年2月22日,十層,
RPSNMLNLKIOFFAI48CA,20,82.56,住家用,鋼筋混凝土造,88年11月29日,十二層,八層 夾層
RPSNMLNLKIOFFAI48CA,20,12.85,共有部份,鋼筋混凝土造,88年11月29日,十二層,
RPSNMLNLKIOFFAI48CA,20,19.85,共有部份,鋼筋混凝土造,88年11月29日,十二層,
RPSNMLNLKIOFFAI48CA,20,.15,見其他登記事項,鋼筋混凝土造,88年11月29日,十二層,一層
RPSNMLNLKIOFFAI48CA,20,.02,共有部份,鋼筋混凝土造,88年11月29日,十二層,
RPSNMLTKKIOFFAI98CA,36,28.91,住家用,鋼筋混凝土造,73年1月26日,十二層,九層
RPSNMLTKKIOFFAI98CA,36,10.44,共有部份,鋼筋混凝土造,73年1月26日,十二層,
RPVNMLMKKIOFFAI78EA,56,88.65,住家用,木造,53年2月1日,三層,一層 二層 三層 騎樓
RPVNMLQLKIOFFAI09CA,25,97.23,住家用,鋼筋混凝土造,84年1月25日,七層,七層
RPVNMLQLKIOFFAI09CA,25,31.52,共有部份,鋼筋混凝土造,84年1月25日,七層,
RPSOMLLLKIOFFAI38CA,29,77.09,住家用,鋼筋混凝土造,80年3月22日,七層,三層
RPSOMLLLKIOFFAI38CA,29,15.02,共有部份,鋼筋混凝土造,80年3月22日,七層,
RPTNMLNKKIOFFAI48CA,24,81.92,住家用,鋼筋混凝土造,84年8月16日,十九層,十五層
RPTNMLNKKIOFFAI48CA,24,15.58,共有部份,鋼筋混凝土造,84年8月16日,十九層,
RPTNMLNKKIOFFAI48CA,24,26.81,共有部份,鋼筋混凝土造,84年8月16日,十九層,
RPXNMLOJKIOFFAI88CA,31,76.67,住家用,鋼筋混凝土造,77年11月8日,七層,五層
RPXNMLOJKIOFFAI88CA,31,12.88,共有部份,鋼筋混凝土造,77年11月8日,七層,
RPVOMLKMKIOFFAI68CA,27,32.45,住家用,鋼筋混凝土造,82年3月17日,八層,八層
RPVOMLKMKIOFFAI68CA,27,12.94,共有部份,鋼筋混凝土造,82年3月17日,八層,
RPVNMLOKKIOFFAI78CA,28,61.50,住家用,鋼筋混凝土造,81年5月8日,十二層,四層
RPVNMLOKKIOFFAI78CA,28,9.99,共有部份,鋼筋混凝土造,81年5月8日,十二層,
RPQQMLMJJHPFFAI18CA,26,247.39,見其他登記事項,鋼筋混凝土造,82年6月9日,十六層,一層 二層
RPQQMLMJJHPFFAI18CA,26,20.04,共有部份,鋼筋混凝土造,82年6月9日,十六層,
RPQQMLMJJHPFFAI18CA,26,40.43,共有部份,鋼筋混凝土造,82年6月9日,十六層,
RPQNMLLLKIOFFAI08CA,28,20.08,住家用,鋼筋混凝土造,80年12月27日,六層,六層
RPQNMLLLKIOFFAI08CA,28,4.91,共有部份,鋼筋混凝土造,80年12月27日,六層,
RPTOMLSKKIOFFAI09CA,45,92.49,住商用,鋼筋混凝土加強磚造,63年8月28日,二層,一層 二層
RPOPMLQKKIOFFAI48CA,46,152.14,見其他登記事項,鋼筋混凝土加強磚造,62年10月15日,二層,一層 二層 騎樓
RPSNMLKKKIOFFAI08CA,21,55.06,住家用,鋼筋混凝土造,88年4月21日,十四層,八層
RPSNMLKKKIOFFAI08CA,21,24.01,共有部份,鋼筋混凝土造,88年4月21日,十四層,
RPWOMLLLKIOFFAI78CA,20,113.63,住商用,鋼筋混凝土造,88年7月31日,十四層,一層 二層 騎樓 夾層
RPWOMLLLKIOFFAI78CA,20,3.96,共有部份,鋼筋混凝土造,88年7月31日,十四層,
RPWOMLLLKIOFFAI78CA,20,12.63,共有部份,鋼筋混凝土造,88年7月31日,十四層,
RPTNMLTJKIOFFAI56EA,26,266.97,見其他登記事項,鋼筋混凝土造,83年4月26日,五層,一層 二層 三層 四層 五層 騎樓 地下層
RPXOMLKMKIOFFAI88CA,25,98.08,住家用,鋼筋混凝土造,83年12月23日,十三層,十三層
RPXOMLKMKIOFFAI88CA,25,31.50,共有部份,鋼筋混凝土造,83年12月23日,十三層,
RPPNMLOLKIOFFAI28CA,33,63.44,住家用,加強磚造,76年3月23日,二層,一層 二層
RPQNMLNLKIOFFAI28CA,1,253.04,見其他登記事項,見其他登記事項,107年11月9日,三層,一層 二層 三層 見其他登記事項
RPQNMLNLKIOFFAI28CA,1,.30,見其他登記事項,見其他登記事項,107年11月9日,一層,
RPRNMLTJKIOFFAI98EA,42,49.77,住家用,鋼筋混凝土加強磚造,67年3月2日,四層,四層
RPRNMLTJKIOFFAI98EA,42,65.08,住家用,鋼筋混凝土加強磚造,67年3月2日,四層,四層
RPQNMLKMKIOFFAI28EA,62,69.41,住家用,木造,47年5月1日,二層,一層 二層 騎樓
RPRNMLKKKIOFFAI18EA,42,119.91,住家用,鋼筋混凝土加強磚造,67年1月28日,二層,一層 二層
RPRNMLKKKIOFFAI18EA,42,119.91,住家用,鋼筋混凝土加強磚造,67年1月30日,二層,一層 二層
RPOPMLLLKIOFFAI08CA,,201.82,見其他登記事項,見其他登記事項,108年8月5日,三層,一層 二層 三層 見其他登記事項
RPXOMLLLKIOFFAI88CA,,213.20,見其他登記事項,見其他登記事項,108年8月5日,三層,一層 二層 三層 見其他登記事項
RPPPMLLLKIOFFAI18CA,,213.20,見其他登記事項,見其他登記事項,108年8月5日,三層,一層 二層 三層 見其他登記事項
RPPPMLKMKIOFFAI18CA,30,218.48,住家用,鋼筋混凝土造,78年12月30日,四層,一層 二層 三層 四層
RPOPMLKMKIOFFAI08CA,29,48.96,住家用,鋼筋混凝土造,79年11月7日,七層,五層
RPOPMLKMKIOFFAI08CA,29,12.89,共有部份,鋼筋混凝土造,79年11月7日,七層,
RPRNMLKMKIOFFAI18CA,26,98.25,住家用,鋼筋混凝土造,82年10月29日,十五層,九層 門廳
RPRNMLKMKIOFFAI18CA,26,10.75,共有部份,鋼筋混凝土造,82年10月29日,十五層,
RPRNMLKMKIOFFAI18CA,26,13.56,共有部份,鋼筋混凝土造,82年10月29日,十五層,
RPUNMLQKKIOFFAI88CA,28,23.35,住家用,鋼筋混凝土造,80年6月26日,六層,五層
RPUNMLQKKIOFFAI88CA,28,9.85,共有部份,鋼筋混凝土造,80年6月26日,六層,
RPVNMLQKKIOFFAI98CA,50,94.62,見其他登記事項,鋼筋混凝土加強磚造,59年3月23日,二層,一層 二層 騎樓
RPVNMLRKKIOFFAI09CA,,220.95,見其他登記事項,見其他登記事項,108年9月4日,三層,一層 二層 三層 見其他登記事項
RPXOMLQKKIOFFAI66CA,25,1281.34,見其他登記事項,鋼造,84年1月6日,二層,一層 二層 騎樓 地下層
RPPNMLMJJHPFFAI77CA,30,98.40,住家用,鋼筋混凝土造,79年4月23日,七層,七層
RPPNMLMJJHPFFAI77CA,30,23.42,共有部份,鋼筋混凝土造,79年4月23日,七層,
RPPNMLRKKIOFFAI48CA,15,211.91,住家用,鋼筋混凝土造,93年8月10日,四層,一層 二層 三層 四層 騎樓
RPSOMLNKKIOFFAI48CA,26,34.87,住家用,鋼筋混凝土造,82年6月9日,十六層,三層
RPSOMLNKKIOFFAI48CA,26,5.74,共有部份,鋼筋混凝土造,82年6月9日,十六層,
RPSOMLNKKIOFFAI48CA,26,7.51,共有部份,鋼筋混凝土造,82年6月9日,十六層,
RPPNMLMKKIOFFAI18EA,24,30.26,住家用,鋼筋混凝土造,85年1月30日,十四層,十三層
RPPNMLMKKIOFFAI18EA,24,8.71,共有部份,鋼筋混凝土造,85年1月31日,十四層,
RPUNMLNJJHPFFAI38CA,,187.20,見其他登記事項,見其他登記事項,108年8月22日,三層,一層 二層 三層 見其他登記事項
RPUOMLLMKIOFFAI68CA,39,60.84,住家用,鋼筋混凝土造,69年10月30日,五層,四層
RPRNMLSKKIOFFAI78CA,50,87.78,住家用,加強磚造,58年5月1日,二層,一層 二層 陽台 騎樓
RPVNMLNJJHPFFAI48CA,,180.14,見其他登記事項,見其他登記事項,108年8月22日,三層,一層 二層 三層 見其他登記事項
RPSNMLOKKIOFFAI48CA,45,100.97,住商用,鋼筋混凝土加強磚造,63年12月4日,二層,一層 二層 騎樓
RPWNMLNJJHPFFAI58CA,,184.96,見其他登記事項,見其他登記事項,108年8月22日,三層,一層 二層 三層 見其他登記事項
RPQNMLOKKIOFFAI28CA,26,29.09,住家用,鋼筋混凝土造,82年8月24日,九層,四層
RPQNMLOKKIOFFAI28CA,26,8.11,共有部份,鋼筋混凝土造,82年8月24日,九層,
RPWOMLNKKIOFFAI88CA,30,86.09,商業用,鋼筋混凝土造,79年4月10日,000,地下層
RPWOMLNKKIOFFAI88CA,30,184.10,住家用,鋼筋混凝土造,79年4月10日,四層,一層 二層 三層 四層
RPXNMLNJJHPFFAI68CA,,180.14,見其他登記事項,見其他登記事項,108年8月22日,三層,一層 二層 三層 見其他登記事項
RPWNMLMKKIOFFAI68CA,25,90.42,住家用,鋼筋混凝土造,84年1月13日,八層,六層
RPWNMLMKKIOFFAI68CA,25,25.67,共有部份,鋼筋混凝土造,84年1月13日,八層,
RPPOMLNJJHPFFAI97CA,,180.14,見其他登記事項,見其他登記事項,108年8月22日,三層,一層 二層 三層 見其他登記事項
RPROMLNJJHPFFAI18CA,,187.38,見其他登記事項,見其他登記事項,108年8月22日,三層,一層 二層 三層 見其他登記事項
RPQOMLNJJHPFFAI08CA,,190.90,見其他登記事項,見其他登記事項,108年8月22日,三層,一層 二層 三層 見其他登記事項
RPVNMLKKKIOFFAI38CA,33,140.91,住家用,加強磚造,76年5月7日,二層,一層 二層
RPPOMLLLKIOFFAI08CA,15,127.58,住家用,鋼筋混凝土造,93年10月28日,十四層,二層
RPPOMLLLKIOFFAI08CA,15,71.55,共有部份,鋼筋混凝土造,93年10月28日,十四層,
RPXNMLMKKIOFFAI78CA,29,137.50,住家用,鋼筋混凝土造,80年3月16日,十一層,七層
RPXNMLMKKIOFFAI78CA,29,32.42,共有部份,鋼筋混凝土造,80年3月16日,十一層,
RPOOMLMKKIOFFAI97CA,,189.41,見其他登記事項,見其他登記事項,108年6月12日,三層,一層 二層 三層 見其他登記事項
RPWNMLLLKIOFFAI68CA,27,92.37,住家用,鋼筋混凝土造,81年8月24日,七層,六層
RPWNMLLLKIOFFAI68CA,27,24.92,共有部份,鋼筋混凝土造,81年8月24日,七層,
RPRNMLLLKIOFFAI18CA,25,22.75,住家用,鋼筋混凝土造,83年8月30日,七層,五層
RPRNMLLLKIOFFAI18CA,25,7.71,共有部份,鋼筋混凝土造,83年8月30日,七層,
RPVOMLMKKIOFFAI68CA,27,297.01,住商用,鋼筋混凝土造,81年9月3日,五層,一層 二層 三層 四層 五層 騎樓
RPSNMLLLKIOFFAI28CA,26,18.02,住家用,鋼筋混凝土造,82年6月9日,十二層,二層
RPSNMLLLKIOFFAI28CA,26,5.24,共有部份,鋼筋混凝土造,82年6月9日,十二層,
RPSNMLLLKIOFFAI28CA,26,3.41,共有部份,鋼筋混凝土造,82年6月9日,十二層,
RPROMLMKKIOFFAI28CA,28,3.71,見其他登記事項,鋼筋混凝土造,80年7月10日,六層,地下層
RPROMLMKKIOFFAI28CA,28,5.17,共有部份,鋼筋混凝土造,80年7月10日,六層,
RPROMLMKKIOFFAI28CA,28,25.82,住家用,鋼筋混凝土造,80年7月10日,六層,五層
RPROMLMKKIOFFAI28CA,28,.00,共有部份,鋼筋混凝土造,80年7月10日,六層,
RPQOMLMKKIOFFAI18CA,25,44.24,住家用,鋼筋混凝土造,83年11月28日,十二層,十二層
RPQOMLMKKIOFFAI18CA,25,16.03,共有部份,鋼筋混凝土造,83年11月28日,十二層,
RPUNMLNKKIOFFAI58CA,27,123.76,住家用,鋼筋混凝土造,81年6月26日,十五層,八層
RPUNMLNKKIOFFAI58CA,27,38.73,共有部份,鋼筋混凝土造,81年6月26日,十五層,
RPUOMLNKKIOFFAI68CA,24,90.55,住家用,鋼筋混凝土造,85年2月5日,十五層,九層
RPUOMLNKKIOFFAI68CA,24,8.11,見其他登記事項,鋼筋混凝土造,85年2月5日,十五層,
RPUOMLNKKIOFFAI68CA,24,15.66,共有部份,鋼筋混凝土造,85年2月5日,十五層,
RPSOMLKMKIOFFAI38CA,8,461.99,見其他登記事項,見其他登記事項,101年3月29日,四層,一層 二層 三層 四層
RPSNMLQLKIOFFAI78CA,28,59.61,住家用,鋼筋混凝土造,81年5月8日,十二層,三層
RPSNMLQLKIOFFAI78CA,28,11.06,共有部份,鋼筋混凝土造,81年5月8日,十二層,
RPTNMLNLKIOFFAI58CA,24,55.25,住家用,鋼筋混凝土造,85年3月11日,二十層,六層
RPTNMLNLKIOFFAI58CA,24,13.55,共有部份,鋼筋混凝土造,85年3月11日,二十層,
RPUNMLNLKIOFFAI68CA,42,101.26,住家用,鋼筋混凝土加強磚造,66年6月16日,二層,一層 二層
RPTOMLMKKIOFFAI48CA,24,96.36,住家用,鋼筋混凝土造,84年5月19日,十五層,十二層
RPTOMLMKKIOFFAI48CA,24,40.40,共有部份,鋼筋混凝土造,84年5月19日,十五層,
RPTOMLMKKIOFFAI48CA,24,8.57,住家用,鋼筋混凝土造,84年5月19日,十五層,五層
RPTOMLMKKIOFFAI48CA,24,.56,共有部份,鋼筋混凝土造,84年5月19日,十五層,
RPTOMLMKKIOFFAI48CA,24,1.77,住家用,鋼筋混凝土造,84年5月19日,十五層,六層
RPTOMLMKKIOFFAI48CA,24,.38,共有部份,鋼筋混凝土造,84年5月19日,十五層,
RPSNMLMKKIOFFAI48EA,26,102.83,住家用,鋼筋混凝土造,82年6月12日,六層,二層
RPSNMLMKKIOFFAI48EA,26,33.37,共有部份,鋼筋混凝土造,82年6月12日,六層,
RPQNMLLMKIOFFAI38EA,35,39.70,住家用,鋼筋混凝土造,73年12月18日,七層,二層
RPQNMLLMKIOFFAI38EA,35,10.98,共有部份,鋼筋混凝土造,73年12月18日,七層,
RPQOMLNKKIOFFAI48EA,,34.81,,木造,,一層,一層
RPQNMLNKKIOFFAI38EA,27,149.40,住家用,鋼筋混凝土造,81年8月28日,十層,一層 二層 地下層
RPQNMLNKKIOFFAI38EA,27,16.38,共有部份,鋼筋混凝土造,81年8月28日,十層,
RPTOMLKMKIOFFAI48CA,3,172.59,見其他登記事項,見其他登記事項,105年7月20日,三層,一層 二層 三層 見其他登記事項
RPOOMLKMKIOFFAI97CA,58,42.33,住家用,木造,51年4月1日,一層,一層
RPVNMLKLKIOFFAI48CA,27,21.73,見其他登記事項,鋼筋混凝土造,82年1月7日,十五層,八層
RPVNMLKLKIOFFAI48CA,27,1.69,共有部份,鋼筋混凝土造,82年1月7日,十五層,
RPVNMLKLKIOFFAI48CA,27,7.11,共有部份,鋼筋混凝土造,82年1月7日,十五層,
RPPNMLNJJHPFFAI87CA,8,62.94,住家用,見其他登記事項,101年2月22日,一層,一層
RPXOMLRJJHPFFAI56CA,25,10.02,共有部份,鋼筋混凝土造,83年7月4日,十二層,
RPXOMLRJJHPFFAI56CA,25,114.88,住家用,鋼筋混凝土造,83年7月4日,十二層,二層
RPXOMLRJJHPFFAI56CA,25,22.64,共有部份,鋼筋混凝土造,83年7月4日,十二層,
RPTNMLRJJHPFFAI68CA,25,53.16,住家用,鋼筋混凝土造,84年3月6日,十層,七層
RPTNMLRJJHPFFAI68CA,25,53.16,住家用,鋼筋混凝土造,84年3月6日,十層,七層
RPTNMLRJJHPFFAI68CA,25,7.74,共有部份,鋼筋混凝土造,84年3月6日,十層,
RPTNMLRJJHPFFAI68CA,25,6.01,共有部份,鋼筋混凝土造,84年3月6日,十層,
RPTNMLRJJHPFFAI68CA,25,7.32,共有部份,鋼筋混凝土造,84年3月6日,十層,
RPTNMLRJJHPFFAI68CA,25,7.74,共有部份,鋼筋混凝土造,84年3月6日,十層,
RPTNMLRJJHPFFAI68CA,25,6.01,共有部份,鋼筋混凝土造,84年3月6日,十層,
RPTNMLRJJHPFFAI68CA,25,7.32,共有部份,鋼筋混凝土造,84年3月6日,十層,
RPUOMLKMKIOFFAI58CA,26,183.66,住家用,鋼筋混凝土造,82年11月11日,十三層,十二層 十三層
RPUOMLKMKIOFFAI58CA,26,53.18,共有部份,鋼筋混凝土造,82年11月11日,十三層,
RPWNMLNKKIOFFAI78CA,,185.13,見其他登記事項,見其他登記事項,108年6月24日,三層,一層 二層 三層 見其他登記事項
RPTOMLNKKIOFFAI58CA,27,199.00,住家用,鋼筋混凝土造,81年11月7日,四層,一層 二層 三層 四層
RPWNMLKLKIOFFAI58CA,50,64.44,住家用,木造,59年4月15日,二層,一層 二層
RPOOMLLLKIOFFAI97CA,28,94.87,住家用,鋼筋混凝土造,81年2月27日,六層,二層
RPOOMLLLKIOFFAI97CA,28,1.71,共有部份,鋼筋混凝土造,81年2月27日,六層,
RPOOMLLLKIOFFAI97CA,28,11.64,住家用,鋼筋混凝土造,81年2月27日,六層,地下層
RPOOMLLLKIOFFAI97CA,28,41.49,共有部份,鋼筋混凝土造,81年2月27日,六層,
RPQNMLNJJHPFFAI97CA,48,59.32,住家用,木造,60年11月25日,二層,一層 二層
RPTNMLNJJHPFFAI28CA,26,39.81,住家用,鋼筋混凝土造,82年6月9日,十六層,十二層
RPTNMLNJJHPFFAI28CA,26,8.80,共有部份,鋼筋混凝土造,82年6月9日,十六層,
RPTNMLNJJHPFFAI28CA,26,7.42,共有部份,鋼筋混凝土造,82年6月9日,十六層,
RPSNMLNJJHPFFAI18CA,43,84.90,住家用,鋼筋混凝土加強磚造,65年8月26日,二層,一層 二層
RPWOMLQKKIOFFAI56CA,24,96.54,住家用,鋼筋混凝土造,84年8月16日,十九層,十一層
RPWOMLQKKIOFFAI56CA,24,31.28,共有部份,鋼筋混凝土造,84年8月16日,十九層,
RPPPMLQKKIOFFAI58CA,29,85.37,住家用,鋼筋混凝土造,80年5月18日,七層,三層
RPPPMLQKKIOFFAI58CA,29,15.54,共有部份,鋼筋混凝土造,80年5月18日,七層,
RPTNMLTKKIOFFAI09CA,6,304.94,見其他登記事項,見其他登記事項,103年1月27日,四層,一層 二層 三層 四層 見其他登記事項
RPTNMLTKKIOFFAI09CA,6,.46,見其他登記事項,見其他登記事項,103年1月27日,一層,
RPOOMLNJJHPFFAI87CA,,180.14,見其他登記事項,見其他登記事項,108年8月22日,三層,一層 二層 三層 見其他登記事項
RPVNMLNLKIOFFAI78CA,2,219.50,住家用,見其他登記事項,107年1月3日,四層,一層 二層 三層 四層
RPRNMLLMKIOFFAI28CA,13,172.74,見其他登記事項,鋼筋混凝土造,95年9月28日,三層,一層 二層 三層 見其他登記事項
RPSOMLLMKIOFFAI48CA,24,66.32,住家用,鋼筋混凝土造,85年3月11日,二十層,十五層
RPSOMLLMKIOFFAI48CA,24,16.57,共有部份,鋼筋混凝土造,85年3月11日,二十層,
RPPOMLNLKIOFFAI28CA,24,34.86,商業用,鋼筋混凝土造,84年7月24日,十四層,十一層
RPPOMLNLKIOFFAI28CA,24,7.38,共有部份,鋼筋混凝土造,84年7月24日,十四層,
RPPOMLNLKIOFFAI28CA,24,10.67,共有部份,鋼筋混凝土造,84年7月24日,十四層,
RPPOMLNLKIOFFAI28CA,24,.58,商業用,鋼筋混凝土造,84年7月24日,十四層,十四層
RPPOMLRKKIOFFAI58CA,22,15.00,見其他登記事項,鋼筋混凝土造,87年3月19日,二十二層,地下一層 地下二層
RPPOMLRKKIOFFAI58CA,22,59.51,住家用,鋼筋混凝土造,87年3月19日,二十二層,十三層
RPPOMLRKKIOFFAI58CA,22,11.52,共有部份,鋼筋混凝土造,87年3月19日,二十二層,
RPPOMLRKKIOFFAI58CA,22,12.92,共有部份,鋼筋混凝土造,87年3月19日,二十二層,
RPPOMLRKKIOFFAI58CA,22,15.51,共有部份,鋼筋混凝土造,87年3月19日,二十二層,
RPSOMLSKKIOFFAI98CA,43,51.33,住家用,磚造,66年1月31日,一層,一層
RPQOMLSKKIOFFAI98EA,26,217.85,住商用,鋼筋混凝土造,83年2月5日,五層,一層 二層 三層 四層 五層
RPWNMLSKKIOFFAI66CA,24,70.24,住家用,鋼筋混凝土造,85年3月11日,二十層,三層
RPWNMLSKKIOFFAI66CA,24,24.10,共有部份,鋼筋混凝土造,85年3月11日,二十層,
RPVNMLSKKIOFFAI56CA,2,263.59,住家用,見其他登記事項,106年8月22日,四層,一層 二層 三層 四層
RPVNMLSKKIOFFAI56CA,2,.17,見其他登記事項,見其他登記事項,106年8月22日,一層,
RPRNMLTKKIOFFAI88CA,41,83.59,住商用,鋼筋混凝土加強磚造,67年12月27日,二層,一層 二層 騎樓
RPXNMLSKKIOFFAI76CA,30,191.66,住家用,鋼筋混凝土造,78年10月24日,三層,一層 二層 三層 地下層
RPOOMLSKKIOFFAI58CA,29,113.95,住家用,鋼筋混凝土造,79年11月10日,八層,六層
RPOOMLSKKIOFFAI58CA,29,32.39,共有部份,鋼筋混凝土造,79年11月10日,八層,
RPTNMLLLKIOFFAI38CA,26,36.38,住家用,鋼筋混凝土造,82年6月9日,十六層,十層
RPTNMLLLKIOFFAI38CA,26,8.62,共有部份,鋼筋混凝土造,82年6月9日,十六層,
RPTNMLLLKIOFFAI38CA,26,5.98,共有部份,鋼筋混凝土造,82年6月9日,十六層,
RPPNMLSKKIOFFAI58CA,20,.10,見其他登記事項,鋼筋混凝土造,88年11月29日,十二層,一層
RPPNMLSKKIOFFAI58CA,20,47.38,住家用,鋼筋混凝土造,88年11月29日,十二層,十二層 夾層
RPPNMLSKKIOFFAI58CA,20,13.23,共有部份,鋼筋混凝土造,88年11月29日,十二層,
RPPNMLSKKIOFFAI58CA,20,8.64,共有部份,鋼筋混凝土造,88年11月29日,十二層,
RPPNMLSKKIOFFAI58CA,20,.02,共有部份,鋼筋混凝土造,88年11月29日,十二層,
RPPOMLSJJHPFFAI48CA,38,17.01,住家用,鋼筋混凝土造,70年4月21日,九層,九層
RPPOMLSJJHPFFAI48CA,38,5.16,共有部份,鋼筋混凝土造,70年4月21日,九層,
RPQNMLTKKIOFFAI78CA,35,249.38,商業用,鋼筋混凝土造,73年12月3日,四層,一層 二層 三層 四層 騎樓 地下層
RPXNMLPLKIOFFAI56CA,1,206.13,見其他登記事項,見其他登記事項,108年1月29日,三層,一層 二層 三層 見其他登記事項
RPXNMLPLKIOFFAI56CA,1,.06,見其他登記事項,見其他登記事項,108年1月29日,一層,
RPWNMLSJJHPFFAI09CA,38,13.21,住家用,鋼筋混凝土造,70年4月21日,九層,五層
RPWNMLSJJHPFFAI09CA,38,4.95,共有部份,鋼筋混凝土造,70年4月21日,九層,
RPXNMLSJJHPFFAI56CA,38,18.26,住家用,鋼筋混凝土造,70年4月21日,九層,八層
RPXNMLSJJHPFFAI56CA,38,4.95,共有部份,鋼筋混凝土造,70年4月21日,九層,
RPVNMLSJJHPFFAI98CA,38,13.77,住家用,鋼筋混凝土造,70年4月21日,九層,五層
RPVNMLSJJHPFFAI98CA,38,4.95,共有部份,鋼筋混凝土造,70年4月21日,九層,
RPQOMLSJJHPFFAI58CA,38,15.74,住家用,鋼筋混凝土造,70年4月21日,九層,九層
RPQOMLSJJHPFFAI58CA,38,5.16,共有部份,鋼筋混凝土造,70年4月21日,九層,
RPSNMLKLKIOFFAI18CA,3,220.89,見其他登記事項,見其他登記事項,105年11月25日,三層,一層 二層 三層 見其他登記事項
RPUOMLNLKIOFFAI78CA,22,986.85,工業用,見其他登記事項,87年1月8日,二層,一層 二層
RPWOMLNJJHPFFAI68CA,26,103.53,住家用,鋼筋混凝土造,82年12月23日,十二層,七層
RPWOMLNJJHPFFAI68CA,26,15.81,共有部份,鋼筋混凝土造,82年12月23日,十二層,
RPWOMLNJJHPFFAI68CA,26,1.20,共有部份,鋼筋混凝土造,82年12月23日,十二層,
RPWOMLNJJHPFFAI68CA,26,10.34,共有部份,鋼筋混凝土造,82年12月23日,十二層,
RPXOMLLMKIOFFAI98CA,31,47.22,住家用,鋼筋混凝土造,78年1月17日,七層,五層
RPXOMLLMKIOFFAI98CA,31,7.34,共有部份,鋼筋混凝土造,78年1月17日,七層,
RPTOMLNKJHPFFAI48CA,45,67.86,住家用,木造,63年10月12日,二層,一層 二層
RPWOMLKKJHPFFAI48CA,14,169.95,住家用,鋼筋混凝土造,94年8月19日,四層,一層 二層 三層 四層
RPXNMLKLKIOFFAI68CA,24,71.94,住家用,鋼筋混凝土造,85年3月11日,二十層,七層
RPXNMLKLKIOFFAI68CA,24,19.58,共有部份,鋼筋混凝土造,85年3月11日,二十層,
RPRQMLMJJHPFFAI28CA,46,37.66,住家用,木造,63年3月21日,一層,一層
RPOOMLTKKIOFFAI68CA,,178.62,見其他登記事項,見其他登記事項,108年6月24日,三層,一層 二層 三層 見其他登記事項
RPQOMLTKKIOFFAI88CA,20,247.33,見其他登記事項,鋼筋混凝土造,88年11月29日,四層,一層 二層 三層 四層 地下層
RPVOMLTKKIOFFAI76CA,26,78.24,住家用,鋼筋混凝土造,82年6月16日,六層,六層
RPVOMLTKKIOFFAI76CA,26,10.85,共有部份,鋼筋混凝土造,82年6月16日,六層,
RPVOMLTKKIOFFAI76CA,26,16.53,共有部份,鋼筋混凝土造,82年6月16日,六層,
RPVOMLTKKIOFFAI76CA,26,.77,見其他登記事項,鋼筋混凝土造,82年6月16日,六層,地下層
RPVOMLTKKIOFFAI76CA,26,.01,共有部份,鋼筋混凝土造,82年6月16日,六層,
RPVOMLTKKIOFFAI76CA,26,.02,共有部份,鋼筋混凝土造,82年6月16日,六層,
RPUOMLTKKIOFFAI66CA,28,20.46,住家用,鋼筋混凝土造,80年6月26日,六層,五層
RPUOMLTKKIOFFAI66CA,28,8.68,共有部份,鋼筋混凝土造,80年6月26日,六層,
RPVNMLTKKIOFFAI86EA,26,108.63,住家用,鋼筋混凝土造,83年4月8日,十二層,六層
RPVNMLTKKIOFFAI86EA,26,10.63,共有部份,鋼筋混凝土造,83年4月8日,十二層,
RPVNMLTKKIOFFAI86EA,26,10.35,共有部份,鋼筋混凝土造,83年4月8日,十二層,
RPSOMLTKKIOFFAI09CA,25,103.33,住家用,鋼筋混凝土造,83年12月15日,六層,三層
RPSOMLTKKIOFFAI09CA,25,57.75,共有部份,鋼筋混凝土造,83年12月15日,六層,
RPUNMLLLKIOFFAI48CA,27,31.50,住家用,鋼筋混凝土造,81年9月3日,七層,三層
RPUNMLLLKIOFFAI48CA,27,4.40,共有部份,鋼筋混凝土造,81年9月3日,七層,
RPUNMLLLKIOFFAI48CA,27,7.30,共有部份,鋼筋混凝土造,81年9月3日,七層,
RPPNMLKLKIOFFAI87CA,,253.11,見其他登記事項,見其他登記事項,108年7月3日,四層,一層 二層 三層 四層 見其他登記事項
RPOOMLKLKIOFFAI87CA,12,8.36,見其他登記事項,鋼筋混凝土造,97年3月3日,四層,三層
RPOOMLKLKIOFFAI87CA,12,5.66,共有部份,鋼筋混凝土造,97年3月3日,四層,
RPQOMLLLKIOFFAI18CA,26,205.83,住家用,鋼筋混凝土造,83年1月13日,三層,一層 二層 三層
RPQNMLQJJHPFFAI28CA,17,181.41,見其他登記事項,鋼筋混凝土造,92年1月3日,四層,一層 二層 三層 四層
RPRNMLNKJHPFFAI38EA,35,94.77,住家用,鋼筋混凝土造,73年10月13日,五層,一層
RPRNMLNKJHPFFAI38EA,35,8.04,共有部份,鋼筋混凝土造,73年10月13日,五層,
RPRNMLNKJHPFFAI38EA,35,7.56,共有部份,鋼筋混凝土造,73年10月13日,五層,
RPQNMLLJJHPFFAI77CA,25,90.89,住家用,鋼筋混凝土造,83年11月25日,十六層,九層
RPQNMLLJJHPFFAI77CA,25,15.28,共有部份,鋼筋混凝土造,83年11月25日,十六層,
RPQNMLLJJHPFFAI77CA,25,6.95,共有部份,鋼筋混凝土造,83年11月25日,十六層,
RPQNMLLJJHPFFAI77CA,25,11.44,住家用,鋼筋混凝土造,83年11月25日,十六層,地下層
RPQNMLLJJHPFFAI77CA,25,.00,共有部份,鋼筋混凝土造,83年11月25日,十六層,
RPSNMLOLKIOFFAI58CA,15,114.02,住家用,鋼筋混凝土造,93年10月28日,十四層,二層
RPSNMLOLKIOFFAI58CA,15,71.35,共有部份,鋼筋混凝土造,93年10月28日,十四層,
RPXNMLQLKIOFFAI66CA,36,97.37,住家用,鋼筋混凝土造,72年8月25日,九層,九層
RPXNMLQLKIOFFAI66CA,36,13.54,共有部份,鋼筋混凝土造,72年8月25日,九層,
RPXNMLQLKIOFFAI66CA,36,3.85,共有部份,鋼筋混凝土造,72年8月25日,九層,
RPRNMLKLKIOFFAI08CA,,227.31,見其他登記事項,見其他登記事項,108年7月3日,四層,一層 二層 三層 四層
RPRNMLKLKIOFFAI08CA,,.12,見其他登記事項,見其他登記事項,108年7月3日,一層,
RPQOMLKMKIOFFAI18CA,26,81.57,住家用,鋼筋混凝土造,82年12月29日,十二層,八層
RPQOMLKMKIOFFAI18CA,26,20.16,共有部份,鋼筋混凝土造,82年12月29日,十二層,
RPUOMLQKJHPFFAI88CA,26,106.28,住家用,鋼筋混凝土造,82年6月12日,六層,三層
RPUOMLQKJHPFFAI88CA,26,48.21,共有部份,鋼筋混凝土造,82年6月12日,六層,
RPPOMLKKJHPFFAI77CA,22,107.50,住家用,鋼筋混凝土造,87年5月18日,六層,三層
RPPOMLKKJHPFFAI77CA,22,48.92,共有部份,鋼筋混凝土造,87年5月18日,六層,
RPTNMLLKJHPFFAI18CA,36,97.25,見其他登記事項,鋼筋混凝土造,72年7月14日,五層,五層
RPTNMLLKJHPFFAI18CA,36,8.92,共有部份,鋼筋混凝土造,72年7月14日,五層,
RPXNMLKMKIOFFAI78CA,29,25.50,住家用,鋼筋混凝土造,79年10月23日,七層,五層
RPXNMLKMKIOFFAI78CA,29,7.15,共有部份,鋼筋混凝土造,79年10月13日,七層,
RPXNMLKMKIOFFAI78CA,29,4.28,共有部份,鋼筋混凝土造,79年10月23日,七層,
RPTOMLLMKIOFFAI58CA,26,94.45,住家用,鋼筋混凝土造,82年6月23日,十二層,十二層
RPTOMLLMKIOFFAI58CA,26,13.38,共有部份,鋼筋混凝土造,82年6月23日,十二層,
RPTOMLLMKIOFFAI58CA,26,15.90,共有部份,鋼筋混凝土造,82年6月23日,十三層,
RPQOMLKKJHPFFAI87CA,46,177.88,住家用,鋼筋混凝土加強磚造,62年12月24日,二層,一層 二層 騎樓 夾層
RPWOMLLMKIOFFAI88CA,26,222.86,住家用,鋼筋混凝土造,82年6月10日,四層,一層 二層 三層 四層
RPWOMLNLKIOFFAI98CA,28,91.97,住家用,鋼筋混凝土造,80年8月15日,七層,四層
RPWOMLNLKIOFFAI98CA,28,13.08,共有部份,鋼筋混凝土造,80年8月15日,七層,
RPWOMLNLKIOFFAI98CA,28,15.70,共有部份,鋼筋混凝土造,80年8月15日,七層,
RPSOMLNLKIOFFAI58CA,23,42.27,住家用,鋼筋混凝土造,86年5月16日,七層,三層
RPSOMLNLKIOFFAI58CA,23,8.07,共有部份,鋼筋混凝土造,86年5月16日,七層,
RPSOMLNLKIOFFAI58CA,23,12.05,共有部份,鋼筋混凝土造,86年5月16日,七層,
RPUNMLLKJHPFFAI28CA,27,122.08,住家用,鋼筋混凝土造,81年8月28日,十六層,九層
RPUNMLLKJHPFFAI28CA,27,25.53,共有部份,鋼筋混凝土造,81年8月28日,十六層,
RPUNMLLKJHPFFAI28CA,27,21.88,共有部份,鋼筋混凝土造,81年8月28日,十六層,
RPPNMLPLKIOFFAI38CA,54,10.89,,,54年7月25日,二層,一層 二層
RPQNMLOLKIOFFAI58EA,26,84.31,住家用,鋼筋混凝土造,82年6月23日,十二層,八層
RPQNMLOLKIOFFAI58EA,26,12.41,共有部份,鋼筋混凝土造,82年6月23日,十二層,
RPWNMLQJJHPFFAI88CA,4,14.31,見其他登記事項,見其他登記事項,105年5月10日,十四層,
RPQNMLOLKIOFFAI58EA,26,13.91,共有部份,鋼筋混凝土造,82年6月23日,十三層,
RPTOMLKKJHPFFAI18CA,22,115.54,住家用,鋼筋混凝土造,86年7月9日,九層,四層 五層
RPTOMLKKJHPFFAI18CA,22,52.87,共有部份,鋼筋混凝土造,86年7月9日,九層,
RPUNMLKMKIOFFAI58DA,24,54.16,住家用,鋼筋混凝土造,85年3月11日,二十層,十五層
RPUNMLKMKIOFFAI58DA,24,16.57,共有部份,鋼筋混凝土造,85年3月11日,二十層,
RPSOMLTJJHPFFAI88CA,34,33.42,住家用,鋼筋混凝土造,74年11月29日,五層,三層
RPSOMLTJJHPFFAI88CA,34,5.75,共有部份,鋼筋混凝土造,74年11月29日,五層,
RPSOMLTJJHPFFAI88CA,34,3.88,共有部份,鋼筋混凝土造,74年11月29日,五層,
RPSNMLPLKIOFFAI68CA,49,9.75,住家用,木造,59年6月3日,一層,一層
RPSNMLPLKIOFFAI68CA,49,9.75,住家用,木造,59年6月3日,一層,一層
RPSNMLPLKIOFFAI68CA,49,9.75,住家用,木造,59年6月3日,一層,一層
RPSNMLPLKIOFFAI68CA,49,9.75,住家用,木造,59年6月3日,一層,一層
RPPOMLSKJHPFFAI58CA,16,188.78,見其他登記事項,鋼筋混凝土造,93年1月12日,四層,一層 二層 三層 四層
RPROMLNLKIOFFAI48CA,24,83.29,住家用,鋼筋混凝土造,85年3月11日,二十層,二十層
RPROMLNLKIOFFAI48CA,24,22.59,共有部份,鋼筋混凝土造,85年3月11日,二十層,
RPUNMLPLKIOFFAI88CA,,178.05,見其他登記事項,見其他登記事項,108年6月24日,三層,一層 二層 三層 見其他登記事項
RPROMLSKJHPFFAI78CA,22,96.04,住家用,鋼筋混凝土造,87年2月26日,十二層,十二層
RPROMLSKJHPFFAI78CA,22,16.82,共有部份,鋼筋混凝土造,87年2月26日,十二層,
RPROMLSKJHPFFAI78CA,22,19.85,共有部份,鋼筋混凝土造,87年2月26日,十二層,
RPSQMLMJJHPFFAI38CA,28,26.24,住家用,鋼筋混凝土造,80年11月15日,六層,三層
RPSQMLMJJHPFFAI38CA,28,15.00,共有部份,鋼筋混凝土造,80年11月15日,六層,
RPQNMLQLKIOFFAI58CA,23,24.83,住家用,鋼筋混凝土造,85年11月18日,八層,四層
RPQNMLQLKIOFFAI58CA,23,7.45,共有部份,鋼筋混凝土造,85年11月18日,八層,
RPRNMLOLKIOFFAI48CA,26,105.68,住家用,鋼筋混凝土造,82年9月8日,十二層,七層
RPRNMLOLKIOFFAI48CA,26,19.59,共有部份,鋼筋混凝土造,82年9月8日,十二層,
RPROMLKMKIOFFAI28CA,30,199.93,住家用,鋼筋混凝土造,78年9月30日,四層,一層 二層 三層 四層
RPUNMLQLKIOFFAI98CA,46,64.06,住家用,木造,63年1月6日,二層,一層 二層
RPXNMLTJJHPFFAI66CA,25,287.58,住家用,鋼筋混凝土造,84年1月23日,四層,一層 二層 三層 四層 地下層
RPXNMLTJJHPFFAI66CA,25,28.85,共有部份,鋼筋混凝土造,84年1月23日,四層,
RPPOMLQLKIOFFAI58CA,49,26.49,住家用,木造,60年4月23日,一層,一層
RPPOMLQLKIOFFAI58CA,49,13.25,住家用,木造,60年4月23日,一層,一層
RPRNMLQLKIOFFAI68CA,43,49.52,住商用,鋼筋混凝土加強磚造,66年2月7日,二層,一層 二層 騎樓
RPRNMLQLKIOFFAI68CA,43,49.52,住商用,鋼筋混凝土加強磚造,66年2月7日,二層,一層 二層 騎樓
RPUOMLTJJHPFFAI09CA,15,127.57,住家用,鋼筋混凝土造,93年10月28日,十四層,四層
RPUOMLTJJHPFFAI09CA,15,82.70,共有部份,鋼筋混凝土造,93年10月28日,十四層,
RPTNMLQLKIOFFAI88CA,36,33.22,住家用,鋼筋混凝土造,72年7月8日,五層,四層
RPTNMLQLKIOFFAI88CA,36,4.29,共有部份,鋼筋混凝土造,72年7月8日,五層,
RPTNMLQLKIOFFAI88CA,36,2.52,共有部份,鋼筋混凝土造,72年7月8日,五層,
RPPNMLLJJHPFFAI67CA,,308.52,見其他登記事項,見其他登記事項,108年6月12日,四層,一層 二層 三層 四層 見其他登記事項
RPOOMLTJJHPFFAI48CA,27,58.90,住家用,鋼筋混凝土造,81年12月10日,七層,五層
RPOOMLTJJHPFFAI48CA,27,14.94,共有部份,鋼筋混凝土造,81年12月10日,七層,
RPVNMLTJJHPFFAI09CA,51,83.84,住家用,加強磚造,58年1月30日,二層,一層 二層
RPSOMLKKJHPFFAI08CA,42,132.24,住商用,鋼筋混凝土加強磚造,67年5月22日,三層,一層 二層 三層
RPUNMLQLKIOFFAI56EA,40,140.18,住家用,鋼筋混凝土造,68年6月18日,三層,一層 二層 三層
RPUOMLNKJHPFFAI58CA,30,36.90,住家用,鋼筋混凝土造,79年5月22日,六層,三層
RPUOMLNKJHPFFAI58CA,30,14.24,共有部份,鋼筋混凝土造,79年5月22日,六層,
RPQNMLMKJHPFFAI97CA,26,19.94,住家用,鋼筋混凝土造,82年10月12日,七層,六層
RPQNMLMKJHPFFAI97CA,26,11.23,共有部份,鋼筋混凝土造,82年10月12日,七層,
RPPNMLQLKIOFFAI48CA,31,22.60,住家用,鋼筋混凝土造,78年2月3日,七層,四層
RPPNMLQLKIOFFAI48CA,31,11.32,共有部份,鋼筋混凝土造,78年2月3日,七層,
RPWOMLNKJHPFFAI78CA,,225.40,見其他登記事項,見其他登記事項,108年10月17日,四層,一層 二層 三層 四層
RPWOMLNKJHPFFAI78CA,,.22,見其他登記事項,見其他登記事項,108年10月17日,一層,
RPRNMLPLKIOFFAI78EA,20,103.03,見其他登記事項,鋼筋混凝土造,89年1月11日,十二層,十層
RPRNMLPLKIOFFAI78EA,20,20.56,共有部份,鋼筋混凝土造,89年1月11日,十二層,
RPRNMLPLKIOFFAI78EA,20,21.29,共有部份,鋼筋混凝土造,89年1月11日,十二層,
RPVPMLNKJHPFFAI78CA,,210.56,見其他登記事項,見其他登記事項,108年10月17日,四層,一層 二層 三層 四層
RPVPMLNKJHPFFAI78CA,,.22,見其他登記事項,見其他登記事項,108年10月17日,一層,
RPTPMLNKJHPFFAI58CA,,210.56,見其他登記事項,見其他登記事項,108年10月17日,四層,一層 二層 三層 四層
RPTPMLNKJHPFFAI58CA,,.22,見其他登記事項,見其他登記事項,108年10月17日,一層,
RPSPMLNKJHPFFAI48CA,,225.74,見其他登記事項,見其他登記事項,108年10月17日,四層,一層 二層 三層 四層
RPSPMLNKJHPFFAI48CA,,.22,見其他登記事項,見其他登記事項,108年10月17日,一層,
RPXNMLMLJHPFFAI78CA,38,68.88,見其他登記事項,鋼筋混凝土造,71年5月3日,五層,三層
RPXNMLMLJHPFFAI78CA,38,7.65,共有部份,鋼筋混凝土造,71年5月3日,五層,
RPPPMLNKJHPFFAI18CA,,225.74,見其他登記事項,見其他登記事項,108年10月17日,四層,一層 二層 三層 四層
RPPPMLNKJHPFFAI18CA,,.22,見其他登記事項,見其他登記事項,108年10月17日,一層,
RPOPMLNKJHPFFAI08CA,,200.44,見其他登記事項,見其他登記事項,108年10月17日,四層,一層 二層 三層 四層
RPOPMLNKJHPFFAI08CA,,.22,見其他登記事項,見其他登記事項,108年10月17日,一層,
RPUPMLNKJHPFFAI68CA,,210.56,見其他登記事項,見其他登記事項,108年10月17日,四層,一層 二層 三層 四層
RPUPMLNKJHPFFAI68CA,,.22,見其他登記事項,見其他登記事項,108年10月17日,一層,
RPQPMLNKJHPFFAI28CA,,202.74,見其他登記事項,見其他登記事項,108年10月17日,四層,一層 二層 三層 四層
RPQPMLNKJHPFFAI28CA,,.22,見其他登記事項,見其他登記事項,108年10月17日,一層,
RPPQMLNKJHPFFAI28CA,,200.43,見其他登記事項,見其他登記事項,108年10月17日,四層,一層 二層 三層 四層
RPPQMLNKJHPFFAI28CA,,.22,見其他登記事項,見其他登記事項,108年10月17日,一層,
RPOQMLNKJHPFFAI18CA,,200.43,見其他登記事項,見其他登記事項,108年10月17日,四層,一層 二層 三層 四層
RPXPMLNKJHPFFAI98CA,,204.92,見其他登記事項,見其他登記事項,108年10月17日,四層,一層 二層 三層 四層
RPXPMLNKJHPFFAI98CA,,.22,見其他登記事項,見其他登記事項,108年10月17日,一層,
RPOQMLNKJHPFFAI18CA,,.22,見其他登記事項,見其他登記事項,108年10月17日,一層,
RPQQMLNKJHPFFAI38CA,,231.90,見其他登記事項,見其他登記事項,108年10月17日,四層,一層 二層 三層 四層
RPQQMLNKJHPFFAI38CA,,.22,見其他登記事項,見其他登記事項,108年10月17日,一層,
RPRQMLNKJHPFFAI48CA,,196.35,見其他登記事項,見其他登記事項,108年10月17日,四層,一層 二層 三層 四層
RPRQMLNKJHPFFAI48CA,,.22,見其他登記事項,見其他登記事項,108年10月17日,一層,
RPWPMLNKJHPFFAI88CA,,210.56,見其他登記事項,見其他登記事項,108年10月17日,四層,一層 二層 三層 四層
RPWPMLNKJHPFFAI88CA,,.22,見其他登記事項,見其他登記事項,108年10月17日,一層,
RPSQMLNKJHPFFAI58CA,,210.56,見其他登記事項,見其他登記事項,108年10月17日,四層,一層 二層 三層 四層
RPSQMLNKJHPFFAI58CA,,.22,見其他登記事項,見其他登記事項,108年10月17日,一層,
RPTQMLNKJHPFFAI68CA,,204.92,見其他登記事項,見其他登記事項,108年10月17日,四層,一層 二層 三層 四層
RPTQMLNKJHPFFAI68CA,,.22,見其他登記事項,見其他登記事項,108年10月17日,一層,
RPUQMLNKJHPFFAI78CA,,212.57,見其他登記事項,見其他登記事項,108年10月17日,四層,一層 二層 三層 四層
RPUQMLNKJHPFFAI78CA,,.22,見其他登記事項,見其他登記事項,108年10月17日,一層,
RPVQMLNKJHPFFAI88CA,,204.92,見其他登記事項,見其他登記事項,108年10月17日,四層,一層 二層 三層 四層
RPVQMLNKJHPFFAI88CA,,.22,見其他登記事項,見其他登記事項,108年10月17日,一層,
RPPNMLOJJHPFFAI97CA,9,229.55,見其他登記事項,見其他登記事項,99年10月25日,三層,一層 二層 三層 見其他登記事項
RPSNMLPKJHPFFAI48CA,,204.15,見其他登記事項,見其他登記事項,108年10月17日,四層,一層 二層 三層 四層
RPSNMLPKJHPFFAI48CA,,.22,見其他登記事項,見其他登記事項,108年10月17日,一層,
RPQNMLOJJHPFFAI08CA,25,121.33,住家用,鋼筋混凝土造,83年11月11日,二十一層,十一層
RPQNMLOJJHPFFAI08CA,25,28.83,共有部份,鋼筋混凝土造,83年11月11日,二十一層,
RPQNMLOJJHPFFAI08CA,25,21.29,共有部份,鋼筋混凝土造,83年11月11日,二十一層,
RPRNMLTJJHPFFAI68CA,27,91.59,住家用,鋼筋混凝土造,81年11月19日,七層,六層
RPRNMLTJJHPFFAI68CA,27,51.81,共有部份,鋼筋混凝土造,81年11月19日,七層,
RPRNMLTJJHPFFAI68CA,27,13.78,見其他登記事項,鋼筋混凝土造,81年11月19日,七層,地下層
RPRNMLTJJHPFFAI68CA,27,.02,共有部份,鋼筋混凝土造,81年11月19日,七層,
RPSNMLTJJHPFFAI78CA,,219.18,見其他登記事項,見其他登記事項,108年6月28日,四層,一層 二層 三層 四層
RPRNMLNJJHPFFAI08CA,24,117.55,住商用,鋼造,85年2月12日,二層,一層 二層
RPQOMLKLJHPFFAI97CA,25,99.78,住家用,鋼筋混凝土造,83年11月23日,十一層,六層
RPQOMLKLJHPFFAI97CA,25,32.54,共有部份,鋼筋混凝土造,83年11月23日,十一層,
RPUNMLNKJHPFFAI48CA,25,58.74,住家用,鋼筋混凝土造,83年12月31日,十二層,八層
RPUNMLNKJHPFFAI48CA,25,22.02,共有部份,鋼筋混凝土造,83年12月31日,十二層,
RPSNMLKMKIOFFAI28CA,35,170.94,住家用,加強磚造,73年9月19日,二層,一層 二層
RPTNMLRLKIOFFAI98CA,,218.24,住家用,見其他登記事項,108年7月3日,四層,一層 二層 三層 四層
RPRNMLRJJHPFFAI48CA,38,181.75,商業用,鋼筋混凝土加強磚造,70年12月24日,三層,一層 二層 三層 騎樓 地下層
RPWNMLKLJHPFFAI48CA,1,3.27,見其他登記事項,見其他登記事項,107年8月2日,五層,
RPWNMLKLJHPFFAI48CA,1,9.50,見其他登記事項,見其他登記事項,107年8月2日,五層,二層
RPROMLKKJHPFFAI97CA,16,257.73,見其他登記事項,鋼筋混凝土造,93年5月10日,五層,一層 二層 三層 四層 五層 見其他登記事項
RPQOMLSKJHPFFAI68CA,1,187.46,住家用,見其他登記事項,108年5月3日,三層,一層 二層 三層 見其他登記事項
RPPOMLLMKIOFFAI18CA,5,223.19,見其他登記事項,見其他登記事項,104年2月6日,四層,一層 二層 三層 四層
RPQOMLLMKIOFFAI28CA,33,39.80,住家用,鋼筋混凝土造,75年8月25日,五層,三層
RPQOMLLMKIOFFAI28CA,33,39.80,住家用,鋼筋混凝土造,75年8月25日,五層,三層
RPQOMLLMKIOFFAI28CA,33,3.26,共有部份,鋼筋混凝土造,75年8月25日,五層,
RPQOMLLMKIOFFAI28CA,33,3.26,共有部份,鋼筋混凝土造,75年8月25日,五層,
RPWNMLLMKIOFFAI78CA,4,431.46,住家用,見其他登記事項,105年2月23日,三層,一層 二層 三層
RPXNMLLMKIOFFAI88CA,31,19.25,住家用,鋼筋混凝土造,78年2月3日,七層,五層
RPXNMLLMKIOFFAI88CA,31,9.06,共有部份,鋼筋混凝土造,78年2月3日,七層,
RPSPMLMJJHPFFAI28CA,49,48.04,住家用,木造,59年11月25日,一層,一層
RPXNMLLMJHPFFAI98EA,45,110.74,見其他登記事項,鋼筋混凝土造,63年7月26日,四層,一層 二層 三層 四層 騎樓 地下層
RPUNMLKKJHPFFAI18CA,1,388.50,見其他登記事項,見其他登記事項,107年9月28日,四層,一層 二層 三層 四層
RPWQMLNKJHPFFAI98CA,,210.52,見其他登記事項,見其他登記事項,108年10月17日,四層,一層 二層 三層 四層
RPWQMLNKJHPFFAI98CA,,.22,見其他登記事項,見其他登記事項,108年10月17日,一層,
RPVOMLTJJHPFFAI56CA,24,288.25,住商用,鋼筋混凝土造,84年12月15日,五層,一層 二層 三層 四層 五層
RPSNMLSKJHPFFAI78CA,6,320.55,見其他登記事項,見其他登記事項,103年3月11日,四層,一層 二層 三層 四層 見其他登記事項
RPVOMLKKJHPFFAI38CA,38,398.50,住商用,鋼筋混凝土造,70年6月16日,四層,一層 二層 三層 四層 騎樓 地下層
RPQOMLQKJHPFFAI48CA,39,83.34,見其他登記事項,鋼筋混凝土加強磚造,69年9月17日,四層,二層
RPQOMLQKJHPFFAI48CA,39,2.35,共有部份,鋼筋混凝土加強磚造,69年9月17日,四層,
RPROMLQKJHPFFAI58CA,26,59.69,住家用,鋼筋混凝土造,82年10月18日,十四層,三層
RPROMLQKJHPFFAI58CA,26,17.51,共有部份,鋼筋混凝土造,82年10月18日,十四層,
RPVNMLLMKIOFFAI88EA,48,91.21,住家用,木造,60年10月10日,二層,一層 二層
RPUOMLKLJHPFFAI38CA,12,8.36,見其他登記事項,鋼筋混凝土造,97年3月3日,四層,二層
RPUOMLKLJHPFFAI38CA,12,5.66,共有部份,鋼筋混凝土造,97年3月3日,四層,
RPOOMLMLJHPFFAI97CA,34,70.97,住家用,鋼筋混凝土造,74年9月13日,五層,二層
RPOOMLMLJHPFFAI97CA,34,6.14,共有部份,鋼筋混凝土造,74年9月13日,五層,
RPOOMLMLJHPFFAI97CA,34,6.74,共有部份,鋼筋混凝土造,74年9月13日,五層,
RPUNMLSKJHPFFAI98CA,26,110.52,住家用,鋼筋混凝土造,82年6月23日,十三層,五層
RPUNMLSKJHPFFAI98CA,26,18.88,共有部份,鋼筋混凝土造,82年6月23日,十三層,
RPUNMLSKJHPFFAI98CA,26,13.82,共有部份,鋼筋混凝土造,82年6月23日,十三層,
RPUNMLSKJHPFFAI98CA,26,19.41,商業用,鋼筋混凝土造,82年6月23日,十三層,地下層
RPUNMLSKJHPFFAI98CA,26,3.04,共有部份,鋼筋混凝土造,82年6月23日,十三層,
RPWOMLKLJHPFFAI58CA,15,127.57,住家用,鋼筋混凝土造,93年10月28日,十四層,十三層
RPWOMLKLJHPFFAI58CA,15,82.70,共有部份,鋼筋混凝土造,93年10月28日,十四層,
RPTNMLKLJHPFFAI38EA,28,113.97,住家用,鋼筋混凝土造,80年6月27日,十五層,十層
RPTNMLKLJHPFFAI38EA,28,19.49,共有部份,鋼筋混凝土造,80年6月27日,十五層,
RPTNMLKLJHPFFAI38EA,28,6.24,見其他登記事項,鋼筋混凝土造,80年6月27日,十五層,地下層
RPTNMLKLJHPFFAI38EA,28,.01,共有部份,鋼筋混凝土造,80年6月27日,十五層,
RPXOMLKLJHPFFAI68CA,15,127.57,住家用,鋼筋混凝土造,93年10月28日,十四層,八層
RPXOMLKLJHPFFAI68CA,15,80.07,共有部份,鋼筋混凝土造,93年10月28日,十四層,
RPVNMLNKJHPFFAI58CA,29,46.21,見其他登記事項,鋼筋混凝土造,79年11月19日,七層,地下層
RPVNMLNKJHPFFAI58CA,29,6.53,共有部份,鋼筋混凝土造,79年11月19日,七層,
RPVNMLNKJHPFFAI58CA,29,98.59,住家用,鋼筋混凝土造,79年11月19日,七層,七層
RPVNMLNKJHPFFAI58CA,29,27.32,共有部份,鋼筋混凝土造,79年11月19日,七層,
RPOPMLKKJHPFFAI77CA,25,93.71,住家用,鋼筋混凝土造,83年11月29日,十六層,二層
RPOPMLKKJHPFFAI77CA,25,20.60,共有部份,鋼筋混凝土造,83年11月29日,十六層,
RPPNMLMKJHPFFAI87CA,24,101.61,住家用,鋼筋混凝土造,85年3月11日,二十層,八層
RPPNMLMKJHPFFAI87CA,24,30.12,共有部份,鋼筋混凝土造,85年3月11日,二十層,
RPWOMLTJJHPFFAI66CA,39,84.45,見其他登記事項,鋼筋混凝土加強磚造,69年9月17日,四層,三層
RPWOMLTJJHPFFAI66CA,39,2.43,共有部份,鋼筋混凝土加強磚造,69年9月17日,四層,
RPVOMLKLJHPFFAI48CA,4,91.30,見其他登記事項,見其他登記事項,105年5月10日,十四層,六層
RPVOMLKLJHPFFAI48CA,4,45.00,見其他登記事項,見其他登記事項,105年5月10日,十四層,
RPVOMLKLJHPFFAI48CA,4,28.21,見其他登記事項,見其他登記事項,105年5月10日,十四層,
RPTNMLTJJHPFFAI88CA,35,374.31,住商用,鋼筋混凝土造,73年12月5日,三層,一層 二層 三層 地下層
RPUOMLSJJHPFFAI98CA,27,102.10,住家用,鋼筋混凝土造,81年8月4日,十層,八層
RPUOMLSJJHPFFAI98CA,27,22.51,共有部份,鋼筋混凝土造,81年8月4日,十層,
RPUOMLSJJHPFFAI98CA,27,12.80,共有部份,鋼筋混凝土造,81年8月4日,十層,
RPPQMLMJJHPFFAI08CA,27,25.46,住家用,鋼筋混凝土造,82年1月11日,七層,六層
RPPQMLMJJHPFFAI08CA,27,7.44,共有部份,鋼筋混凝土造,82年1月11日,七層,
RPSOMLNJJHPFFAI28CA,49,89.88,住家用,鋼筋混凝土加強磚造,59年7月1日,二層,一層 二層
RPQNMLSJJHPFFAI48CA,38,78.99,見其他登記事項,鋼筋混凝土造,71年5月3日,五層,一層
RPQNMLSJJHPFFAI48CA,38,7.65,共有部份,鋼筋混凝土造,71年5月3日,五層,
RPUOMLNJJHPFFAI48CA,30,136.14,住商用,鋼筋混凝土造,79年5月16日,四層,一層 二層 三層 四層 騎樓
RPSNMLOJJHPFFAI28CA,32,161.01,住家用,加強磚造,76年8月31日,二層,一層 二層 夾層
RPSNMLQJJHPFFAI48CA,,185.28,見其他登記事項,見其他登記事項,108年9月4日,三層,一層 二層 三層 見其他登記事項
RPTNMLKKJHPFFAI08CA,25,97.23,住家用,鋼筋混凝土造,84年1月25日,七層,七層
RPTNMLKKJHPFFAI08CA,25,31.52,共有部份,鋼筋混凝土造,84年1月25日,七層,
RPWOMLQKJHPFFAI09CA,28,37.93,住家用,鋼筋混凝土造,80年12月18日,七層,四層
RPWOMLQKJHPFFAI09CA,28,8.86,共有部份,鋼筋混凝土造,80年12月18日,七層,
RPPNMLSKJHPFFAI48CA,3,74.76,見其他登記事項,見其他登記事項,105年5月10日,十四層,九層
RPPNMLSKJHPFFAI48CA,3,26.42,見其他登記事項,見其他登記事項,105年5月10日,十四層,
RPPNMLSKJHPFFAI48CA,3,18.35,見其他登記事項,見其他登記事項,105年5月10日,十四層,
RPTOMLTJJHPFFAI98CA,25,90.98,住家用,鋼筋混凝土造,83年5月30日,十六層,十層
RPTOMLTJJHPFFAI98CA,25,29.23,共有部份,鋼筋混凝土造,83年5月30日,十六層,
RPSNMLSJJHPFFAI68CA,24,96.54,住家用,鋼筋混凝土造,84年8月16日,十九層,十三層
RPSNMLSJJHPFFAI68CA,24,31.28,共有部份,鋼筋混凝土造,84年8月16日,十九層,
RPRNMLQJJHPFFAI38CA,2,.02,見其他登記事項,見其他登記事項,107年2月22日,十層,一層
RPRNMLQJJHPFFAI38CA,2,.00,見其他登記事項,見其他登記事項,107年2月22日,十層,
RPRNMLQJJHPFFAI38CA,2,.01,見其他登記事項,見其他登記事項,107年2月22日,十層,
RPRNMLQJJHPFFAI38CA,2,125.09,住家用,見其他登記事項,107年2月22日,十層,七層
RPRNMLQJJHPFFAI38CA,2,26.49,見其他登記事項,見其他登記事項,107年2月22日,十層,
RPRNMLQJJHPFFAI38CA,2,30.93,見其他登記事項,見其他登記事項,107年2月22日,十層,
RPRPMLMJJHPFFAI38EA,38,80.43,住家用,鋼筋混凝土造,71年5月31日,三層,一層 二層 三層
RPSOMLSKJHPFFAI88CA,27,86.96,住家用,鋼筋混凝土造,82年6月9日,十六層,三層
RPSOMLSKJHPFFAI88CA,27,21.44,共有部份,鋼筋混凝土造,82年6月9日,十六層,
RPSOMLSKJHPFFAI88CA,27,14.23,共有部份,鋼筋混凝土造,82年6月9日,十六層,
RPOOMLSKJHPFFAI48CA,27,58.11,住家用,鋼筋混凝土造,82年1月11日,七層,七層
RPOOMLSKJHPFFAI48CA,27,17.00,共有部份,鋼筋混凝土造,82年1月11日,七層,
RPXOMLKKJHPFFAI58CA,27,31.50,住家用,鋼筋混凝土造,81年9月3日,七層,三層
RPXOMLKKJHPFFAI58CA,27,4.40,共有部份,鋼筋混凝土造,81年9月3日,七層,
RPXOMLKKJHPFFAI58CA,27,7.30,共有部份,鋼筋混凝土造,81年9月3日,七層,
RPWNMLSKJHPFFAI56CA,36,152.53,住商用,鋼筋混凝土造,73年5月2日,三層,一層 二層 三層 騎樓
RPXNMLKLJHPFFAI58CA,13,385.50,見其他登記事項,鋼筋混凝土造,96年3月20日,五層,一層 二層 三層 四層 五層 見其他登記事項
RPOQMLMJJHPFFAI18EA,14,302.57,見其他登記事項,鋼筋混凝土造,95年1月10日,三層,一層 二層 三層 見其他登記事項
RPSOMLLMJHPFFAI38CA,13,260.16,見其他登記事項,鋼筋混凝土造,96年3月21日,四層,一層 二層 三層 四層
RPSOMLLLJHPFFAI48EA,51,49.37,住家用,鋼筋混凝土加強磚造,58年4月13日,二層,一層 二層 騎樓
RPTOMLKLJHPFFAI28CA,27,21.73,見其他登記事項,鋼筋混凝土造,82年1月7日,十五層,八層
RPTOMLKLJHPFFAI28CA,27,1.69,共有部份,鋼筋混凝土造,82年1月7日,十五層,
RPTOMLKLJHPFFAI28CA,27,7.11,共有部份,鋼筋混凝土造,82年1月7日,十五層,
RPUOMLLMJHPFFAI58CA,,201.36,見其他登記事項,見其他登記事項,108年11月4日,三層,一層 二層 三層 見其他登記事項
RPTOMLLMJHPFFAI48CA,,201.59,見其他登記事項,見其他登記事項,108年11月4日,三層,一層 二層 三層 見其他登記事項
RPVOMLLMJHPFFAI68CA,,201.12,見其他登記事項,見其他登記事項,108年11月4日,三層,一層 二層 三層 見其他登記事項
RPSOMLKLJHPFFAI18CA,26,101.89,住家用,鋼筋混凝土造,82年11月25日,六層,三層
RPSOMLKLJHPFFAI18CA,26,21.90,共有部份,鋼筋混凝土造,82年11月25日,六層,
RPSOMLKLJHPFFAI18CA,26,13.93,共有部份,鋼筋混凝土造,82年11月25日,六層,
RPQOMLMLJHPFFAI18CA,25,202.88,住家用,鋼筋混凝土造,83年9月26日,五層,一層 二層 三層 四層 五層
RPWOMLLMJHPFFAI78CA,,197.55,住家用,見其他登記事項,108年11月4日,四層,一層 二層 三層 四層
RPXOMLLMJHPFFAI88CA,,202.80,住家用,見其他登記事項,108年11月4日,四層,一層 二層 三層 四層
RPOPMLLMJHPFFAI08CA,,199.47,見其他登記事項,見其他登記事項,108年11月4日,三層,一層 二層 三層 見其他登記事項
RPQPMLLMJHPFFAI28CA,,194.62,見其他登記事項,見其他登記事項,108年11月4日,三層,一層 二層 三層 見其他登記事項
RPPPMLLMJHPFFAI18CA,,178.24,見其他登記事項,見其他登記事項,108年11月4日,三層,一層 二層 三層 見其他登記事項
RPTPMLLMJHPFFAI58CA,,176.34,見其他登記事項,見其他登記事項,108年11月4日,三層,一層 二層 三層 見其他登記事項
RPRPMLLMJHPFFAI38CA,,196.58,見其他登記事項,見其他登記事項,108年11月4日,三層,一層 二層 三層 見其他登記事項
RPUPMLLMJHPFFAI68CA,,213.66,見其他登記事項,見其他登記事項,108年11月4日,三層,一層 二層 三層 見其他登記事項
RPSPMLLMJHPFFAI48CA,,196.57,見其他登記事項,見其他登記事項,108年11月4日,三層,一層 二層 三層 見其他登記事項
RPWPMLKLJHPFFAI68CA,25,287.39,住商用,鋼筋混凝土造,84年3月16日,五層,一層 二層 三層 四層 五層 夾層
RPRNMLSKJHPFFAI68CA,16,224.76,見其他登記事項,鋼筋混凝土造,93年3月31日,三層,一層 二層 三層 見其他登記事項
RPPNMLPKJHPFFAI18CA,,261.34,住家用,見其他登記事項,108年10月14日,四層,一層 二層 三層 四層
RPTOMLSJJHPFFAI88CA,19,148.14,住家用,鋼筋混凝土造,90年6月4日,三層,一層 二層 三層
RPTNMLSJJHPFFAI78CA,43,109.20,住商用,鋼筋混凝土加強磚造,66年3月15日,二層,一層 二層 騎樓
RPPNMLSJJHPFFAI38CA,20,469.63,見其他登記事項,鋼筋混凝土造,88年11月29日,四層,一層 二層 三層 四層 地下層
RPRNMLSJJHPFFAI58CA,29,83.68,住家用,鋼筋混凝土造,80年5月18日,七層,四層
RPRNMLSJJHPFFAI58CA,29,23.31,共有部份,鋼筋混凝土造,80年5月18日,七層,
RPXNMLRJJHPFFAI09CA,25,108.20,住家用,鋼筋混凝土造,83年12月23日,十三層,十二層
RPXNMLRJJHPFFAI09CA,25,38.44,共有部份,鋼筋混凝土造,83年12月23日,十三層,
RPSOMLSJJHPFFAI78CA,,210.15,見其他登記事項,見其他登記事項,108年6月24日,三層,一層 二層 三層 見其他登記事項
RPPOMLTJJHPFFAI58CA,17,217.38,見其他登記事項,鋼筋混凝土造,91年12月9日,四層,一層 二層 三層 四層
RPQNMLTJJHPFFAI58CA,26,106.20,住家用,鋼筋混凝土造,82年11月18日,十二層,十一層
RPQNMLTJJHPFFAI58CA,26,9.82,共有部份,鋼筋混凝土造,82年11月18日,十二層,
RPQNMLTJJHPFFAI58CA,26,16.85,共有部份,鋼筋混凝土造,82年11月18日,十二層,
RPPOMLQJJHPFFAI28CA,36,28.97,住家用,鋼筋混凝土造,72年7月8日,五層,五層
RPPOMLQJJHPFFAI28CA,36,2.31,共有部份,鋼筋混凝土造,72年7月8日,五層,
RPPOMLQJJHPFFAI28CA,36,3.44,共有部份,鋼筋混凝土造,72年7月8日,五層,
RPQPMLKKJHPFFAI97CA,26,101.51,住家用,鋼筋混凝土造,82年6月9日,十二層,七層
RPQPMLKKJHPFFAI97CA,26,18.91,共有部份,鋼筋混凝土造,82年6月9日,十二層,
RPQPMLKKJHPFFAI97CA,26,17.40,共有部份,鋼筋混凝土造,82年6月9日,十二層,
RPUNMLSJJHPFFAI88CA,35,90.72,住家用,鋼筋混凝土造,74年5月28日,五層,五層
RPUNMLSJJHPFFAI88CA,35,5.96,共有部份,鋼筋混凝土造,74年5月28日,五層,
RPOOMLNKJHPFFAI97CA,49,56.24,住家用,木造,59年6月29日,二層,一層 二層
RPOOMLNKJHPFFAI97CA,34,47.64,住家用,木造,74年8月1日,一層,一層 夾層
RPOOMLNKJHPFFAI97CA,34,46.36,住家用,木造,74年8月1日,一層,一層 夾層
RPPOMLMLJHPFFAI08CA,28,23.35,住家用,鋼筋混凝土造,80年6月26日,六層,五層
RPPOMLMLJHPFFAI08CA,28,9.85,共有部份,鋼筋混凝土造,80年6月26日,六層,
RPPOMLNKJHPFFAI08CA,43,84.72,住商用,鋼筋混凝土加強磚造,66年3月12日,二層,一層 二層 夾層
RPRNMLKKKHPFFAI18EA,25,147.92,住家用,鋼筋混凝土造,83年7月1日,十四層,四層
RPRNMLKKKHPFFAI18EA,25,24.47,共有部份,鋼筋混凝土造,83年7月1日,十四層,
RPRNMLKKKHPFFAI18EA,25,17.89,共有部份,鋼筋混凝土造,83年7月1日,十四層,
RPOQMLKLJHPFFAI97CA,26,102.57,住家用,鋼筋混凝土造,82年8月5日,七層,六層
RPOQMLKLJHPFFAI97CA,26,38.50,共有部份,鋼筋混凝土造,82年8月5日,七層,
RPRPMLKLJHPFFAI18CA,27,18.24,住家用,鋼筋混凝土造,82年6月9日,十二層,三層
RPRPMLKLJHPFFAI18CA,27,5.28,共有部份,鋼筋混凝土造,82年6月9日,十二層,
RPRPMLKLJHPFFAI18CA,27,3.41,共有部份,鋼筋混凝土造,82年6月9日,十二層,
RPQNMLSKJHPFFAI58CA,26,93.16,住家用,鋼筋混凝土造,83年4月6日,十二層,六層
RPQNMLSKJHPFFAI58CA,26,11.39,共有部份,鋼筋混凝土造,83年4月6日,十二層,
RPQNMLSKJHPFFAI58CA,26,11.07,共有部份,鋼筋混凝土造,83年4月6日,十二層,
RPWNMLMLJHPFFAI68CA,26,59.67,住家用,鋼筋混凝土造,82年6月16日,六層,六層
RPWNMLMLJHPFFAI68CA,26,.76,見其他登記事項,鋼筋混凝土造,82年6月16日,六層,地下層
RPWNMLMLJHPFFAI68CA,26,10.74,共有部份,鋼筋混凝土造,82年6月16日,六層,
RPWNMLMLJHPFFAI68CA,26,16.36,共有部份,鋼筋混凝土造,82年6月16日,六層,
RPROMLSJJHPFFAI68CA,13,186.98,住家用,鋼筋混凝土造,96年2月15日,四層,一層 二層 三層 四層
RPWOMLSJJHPFFAI56CA,26,84.31,住家用,鋼筋混凝土造,82年6月23日,十二層,九層
RPWOMLSJJHPFFAI56CA,26,12.41,共有部份,鋼筋混凝土造,82年6月23日,十二層,
RPWOMLSJJHPFFAI56CA,26,13.91,共有部份,鋼筋混凝土造,82年6月23日,十三層,
RPWOMLSJJHPFFAI56CA,26,19.41,商業用,鋼筋混凝土造,82年6月23日,十三層,地下層
RPWOMLSJJHPFFAI56CA,26,3.04,共有部份,鋼筋混凝土造,82年6月23日,十三層,
RPPPMLKKJHPFFAI87CA,26,24.87,住家用,鋼筋混凝土造,83年1月27日,七層,七層
RPPPMLKKJHPFFAI87CA,26,9.36,共有部份,鋼筋混凝土造,83年1月27日,七層,
RPPPMLKKJHPFFAI87CA,26,29.23,住家用,鋼筋混凝土造,83年1月27日,七層,七層
RPPPMLKKJHPFFAI87CA,26,11.01,共有部份,鋼筋混凝土造,83年1月27日,七層,
RPRPMLRJJHPFFAI68CA,27,68.34,住家用,鋼筋混凝土造,82年6月9日,十六層,十三層
RPRPMLRJJHPFFAI68CA,27,17.21,共有部份,鋼筋混凝土造,82年6月9日,十六層,
RPRPMLRJJHPFFAI68CA,27,11.24,共有部份,鋼筋混凝土造,82年6月9日,十六層,
RPPPMLRJJHPFFAI48CA,8,211.58,見其他登記事項,見其他登記事項,100年12月22日,四層,一層 二層 三層 四層
RPSNMLQKJHPFFAI58CA,44,87.78,住家用,鋼筋混凝土加強磚造,64年11月25日,二層,一層 二層
RPPNMLLKJHPFFAI77CA,,33.06,,木造,,一層,一層
RPXOMLSJJHPFFAI66CA,24,24.10,共有部份,鋼筋混凝土造,85年3月11日,二十層,
RPXOMLSJJHPFFAI66CA,24,89.67,住家用,鋼筋混凝土造,85年3月11日,二十層,十三層
RPOOMLNJKHPFFAI18EA,25,141.87,住家用,鋼筋混凝土造,81年12月10日,十六層,十五層 十六層
RPOOMLNJKHPFFAI18EA,25,26.42,共有部份,鋼筋混凝土造,81年12月10日,十六層,
RPOOMLNJKHPFFAI18EA,25,8.23,共有部份,鋼筋混凝土造,81年12月10日,十六層,
RPWNMLTJJHPFFAI56CA,26,184.19,住家用,鋼筋混凝土造,82年6月23日,十三層,四層
RPWNMLTJJHPFFAI56CA,26,13.82,共有部份,鋼筋混凝土造,82年6月23日,十三層,
RPWNMLTJJHPFFAI56CA,26,18.88,共有部份,鋼筋混凝土造,82年6月23日,十三層,
RPWNMLTJJHPFFAI56CA,26,22.88,商業用,鋼筋混凝土造,82年6月23日,十三層,地下層
RPWNMLTJJHPFFAI56CA,26,3.62,共有部份,鋼筋混凝土造,82年6月23日,十三層,
RPROMLKLJHPFFAI08CA,26,96.19,住家用,鋼筋混凝土造,83年1月21日,十二層,七層
RPROMLKLJHPFFAI08CA,26,11.41,共有部份,鋼筋混凝土造,83年1月21日,十二層,
RPROMLKLJHPFFAI08CA,26,11.44,共有部份,鋼筋混凝土造,83年1月21日,十二層,
RPQOMLNKJHPFFAI18CA,,229.29,見其他登記事項,見其他登記事項,108年9月4日,三層,一層 二層 三層 見其他登記事項
RPPNMLRKJHPFFAI38CA,27,189.27,住家用,鋼筋混凝土造,81年12月10日,十六層,十五層 十六層
RPPNMLRKJHPFFAI38CA,27,11.79,共有部份,鋼筋混凝土造,81年12月10日,十六層,
RPPNMLRKJHPFFAI38CA,27,32.19,共有部份,鋼筋混凝土造,81年12月10日,十六層,
RPPNMLRKJHPFFAI38CA,27,36.77,見其他登記事項,鋼筋混凝土造,81年12月10日,十六層,地下二層
RPPNMLRKJHPFFAI38CA,27,.21,共有部份,鋼筋混凝土造,81年12月10日,十六層,
RPQNMLLKJHPFFAI87CA,27,31.50,住家用,鋼筋混凝土造,81年9月3日,七層,七層
RPQNMLLKJHPFFAI87CA,27,4.40,共有部份,鋼筋混凝土造,81年9月3日,七層,
RPQNMLLKJHPFFAI87CA,27,7.30,共有部份,鋼筋混凝土造,81年9月3日,七層,
RPPNMLNKJHPFFAI97CA,27,69.09,住家用,鋼筋混凝土造,82年6月23日,十二層,五層
RPPNMLNKJHPFFAI97CA,27,8.37,共有部份,鋼筋混凝土造,82年6月23日,十二層,
RPPNMLNKJHPFFAI97CA,27,10.93,共有部份,鋼筋混凝土造,82年6月23日,十三層,
RPSOMLNKJHPFFAI38CA,,327.65,住家用,見其他登記事項,108年9月4日,四層,一層 二層 三層 四層
RPWNMLNKJHPFFAI68CA,,181.32,見其他登記事項,見其他登記事項,108年9月4日,三層,一層 二層 三層 見其他登記事項
RPXNMLNKJHPFFAI78CA,,180.70,見其他登記事項,見其他登記事項,108年9月4日,三層,一層 二層 三層 見其他登記事項
RPPNMLTJJHPFFAI68EA,26,97.99,住家用,鋼筋混凝土造,82年10月26日,十二層,三層
RPPNMLTJJHPFFAI68EA,26,32.11,共有部份,鋼筋混凝土造,82年10月26日,十二層,
RPROMLNKJHPFFAI28CA,,228.79,見其他登記事項,見其他登記事項,108年9月4日,三層,一層 二層 三層 見其他登記事項
RPQNMLOLJHPFFAI28CA,26,151.28,住商用,鋼筋混凝土造,82年12月23日,十二層,一層 二層 三層 騎樓
RPQNMLOLJHPFFAI28CA,26,16.17,共有部份,鋼筋混凝土造,82年12月23日,十二層,
RPQNMLOLJHPFFAI28CA,26,1.56,共有部份,鋼筋混凝土造,82年12月23日,十二層,
RPQNMLOLJHPFFAI28CA,26,14.34,共有部份,鋼筋混凝土造,82年12月23日,十二層,
RPVPMLKLJHPFFAI58CA,11,265.00,見其他登記事項,鋼筋混凝土造,97年6月26日,四層,一層 二層 三層 四層 見其他登記事項
RPPNMLTLJHPFFAI78DA,43,109.35,住家用,鋼筋混凝土加強磚造,65年11月19日,二層,一層 二層 騎樓
RPRNMLMLJHPFFAI38EA,24,27.08,住家用,鋼筋混凝土造,84年10月4日,十一層,三層
RPRNMLMLJHPFFAI38EA,24,4.86,共有部份,鋼筋混凝土造,84年10月4日,十一層,
RPRNMLMLJHPFFAI38EA,24,3.34,共有部份,鋼筋混凝土造,84年10月4日,十一層,
RPOPMLLLJHPFFAI97CA,17,113.07,住商用,鋼筋混凝土造,92年3月17日,十四層,一層
RPOPMLLLJHPFFAI97CA,17,63.04,共有部份,鋼筋混凝土造,92年3月17日,十四層,
RPSNMLTKJHPFFAI88CA,12,214.87,見其他登記事項,鋼筋混凝土造,97年5月26日,三層,一層 二層 三層 見其他登記事項
RPUNMLPJKHPFFAI68CA,3,201.31,見其他登記事項,見其他登記事項,105年8月11日,三層,一層 二層 三層 見其他登記事項
RPSOMLQJKHPFFAI68CA,1,223.07,住家用,見其他登記事項,108年1月15日,四層,一層 二層 三層 四層
RPPNMLKKJHPFFAI67CA,26,88.69,商業用,鋼筋混凝土造,82年8月28日,六層,地下層
RPPNMLKKJHPFFAI67CA,26,4.23,共有部份,鋼筋混凝土造,82年8月28日,六層,
RPOOMLKKJHPFFAI67CA,44,37.43,住家用,見其他登記事項,65年1月13日,二層,一層 二層
RPOOMLKKJHPFFAI67CA,44,37.43,住家用,見其他登記事項,65年1月13日,二層,一層 二層
RPTNMLSKJHPFFAI88CA,29,370.26,住商用,鋼筋混凝土造,79年6月29日,五層,一層 二層 三層 四層 五層 騎樓 地下層
RPTNMLOKJHPFFAI48CA,3,35.82,見其他登記事項,見其他登記事項,105年11月16日,一層,一層
RPOOMLOJKHPFFAI08CA,27,32.45,住家用,鋼筋混凝土造,82年3月17日,八層,八層
RPOOMLOJKHPFFAI08CA,27,12.94,共有部份,鋼筋混凝土造,82年3月17日,八層,
RPRNMLOKJHPFFAI28CA,,171.56,見其他登記事項,見其他登記事項,108年6月24日,三層,一層 二層 三層 見其他登記事項
RPRNMLLKJHPFFAI97CA,25,68.29,住家用,鋼筋混凝土造,83年7月18日,十二層,八層
RPRNMLLKJHPFFAI97CA,25,8.81,共有部份,鋼筋混凝土造,83年7月18日,十二層,
RPRNMLLKJHPFFAI97CA,25,24.58,共有部份,鋼筋混凝土造,83年7月18日,十二層,
RPQNMLRKJHPFFAI48CA,26,95.11,住家用,鋼筋混凝土造,82年8月9日,十三層,九層
RPQNMLRKJHPFFAI48CA,26,30.29,共有部份,鋼筋混凝土造,82年8月9日,十三層,
RPQNMLRKJHPFFAI48CA,26,12.37,共有部份,鋼筋混凝土造,82年8月9日,十三層,
RPROMLLMJHPFFAI28CA,28,97.19,住家用,鋼筋混凝土造,80年8月15日,七層,四層
RPROMLLMJHPFFAI28CA,28,13.34,共有部份,鋼筋混凝土造,80年8月15日,七層,
RPROMLLMJHPFFAI28CA,28,16.62,共有部份,鋼筋混凝土造,80年8月15日,七層,
RPPNMLTKJHPFFAI58CA,38,33.28,住家用,鋼筋混凝土造,70年12月28日,二層,一層 二層
RPUNMLLMJHPFFAI48CA,34,88.98,住家用,鋼筋混凝土造,74年8月21日,五層,一層
RPUNMLLMJHPFFAI48CA,34,9.26,共有部份,鋼筋混凝土造,74年8月21日,五層,
RPUNMLLMJHPFFAI48CA,34,6.61,共有部份,鋼筋混凝土造,74年8月21日,五層,
RPVNMLMLJHPFFAI58CA,26,65.29,住家用,鋼筋混凝土造,83年5月6日,七層,二層
RPVNMLMLJHPFFAI58CA,26,13.33,共有部份,鋼筋混凝土造,83年5月6日,七層,
RPVNMLMLJHPFFAI58CA,26,12.54,共有部份,鋼筋混凝土造,83年5月6日,七層,
RPSNMLLKKHPFFAI18CA,37,104.69,住家用,鋼筋混凝土造,72年3月31日,五層,四層
RPSNMLLKKHPFFAI18CA,37,7.52,共有部份,鋼筋混凝土造,72年3月31日,五層,
RPUPMLKLJHPFFAI48CA,27,22.64,住家用,鋼筋混凝土造,82年3月17日,八層,八層
RPUPMLKLJHPFFAI48CA,27,9.41,共有部份,鋼筋混凝土造,82年3月17日,八層,
RPTPMLKLJHPFFAI38CA,27,30.45,住家用,鋼筋混凝土造,82年6月9日,十六層,九層
RPTPMLKLJHPFFAI38CA,27,5.02,共有部份,鋼筋混凝土造,82年6月9日,十六層,
RPTPMLKLJHPFFAI38CA,27,6.55,共有部份,鋼筋混凝土造,82年6月9日,十六層,
RPUOMLMLJHPFFAI58CA,20,339.20,住商用,鋼筋混凝土造,88年12月24日,五層,一層 二層 三層 四層 五層 騎樓
RPPQMLLMJHPFFAI28CA,1,290.06,見其他登記事項,見其他登記事項,107年9月17日,四層,一層 二層 三層 四層 見其他登記事項
RPPQMLLMJHPFFAI28CA,1,.27,見其他登記事項,見其他登記事項,107年9月17日,一層,
RPSOMLRKJHPFFAI78CA,37,404.57,見其他登記事項,鋼筋混凝土加強磚造,72年5月9日,二層,騎樓 電梯樓梯間 地下層
RPRNMLLLJHPFFAI08CA,26,161.33,住商用,鋼筋混凝土造,82年10月27日,九層,一層 二層 地下層
RPRNMLLLJHPFFAI08CA,26,14.42,共有部份,鋼筋混凝土造,82年10月27日,十層,
RPRNMLLLJHPFFAI08CA,26,8.43,共有部份,鋼筋混凝土造,82年10月27日,十層,
RPTNMLQKJHPFFAI68CA,,263.21,見其他登記事項,見其他登記事項,108年9月4日,三層,一層 二層 三層 見其他登記事項
RPUNMLQKJHPFFAI78CA,49,68.60,住家用,鋼筋混凝土加強磚造,59年9月20日,二層,一層 二層
RPVNMLKLJHPFFAI38CA,4,126.47,住家用,見其他登記事項,105年3月7日,五層,四層 五層
RPVNMLKLJHPFFAI38CA,4,55.93,見其他登記事項,見其他登記事項,105年3月7日,五層,
RPVNMLKLJHPFFAI38CA,4,97.01,住家用,見其他登記事項,105年3月7日,五層,三層
RPVNMLKLJHPFFAI38CA,4,55.93,見其他登記事項,見其他登記事項,105年3月7日,五層,
RPVNMLKLJHPFFAI38CA,4,93.39,住家用,見其他登記事項,105年3月7日,五層,二層
RPVNMLKLJHPFFAI38CA,4,55.93,見其他登記事項,見其他登記事項,105年3月7日,五層,
RPPNMLQKJHPFFAI28CA,44,67.40,住家用,木造,64年7月5日,二層,一層 二層
RPXNMLPKJHPFFAI98CA,33,156.43,住家用,加強磚造,75年12月10日,二層,一層 二層
RPRNMLOLJHPFFAI38CA,55,58.17,住家用,木造,53年7月31日,一層,一層 騎樓
RPPNMLOLJHPFFAI18CA,14,171.36,見其他登記事項,鋼筋混凝土造,94年9月20日,三層,一層 二層 三層 見其他登記事項
RPWNMLPKJHPFFAI88CA,25,309.82,住商用,鋼筋混凝土造,84年5月4日,五層,一層 二層 三層 四層 五層
RPVPMLLMJHPFFAI78CA,,179.69,住家用,見其他登記事項,108年11月4日,四層,一層 二層 三層 四層
RPVOMLQKJHPFFAI98CA,,198.49,見其他登記事項,見其他登記事項,108年9月5日,三層,一層 二層 三層 見其他登記事項
RPXOMLQKJHPFFAI56CA,,195.43,見其他登記事項,見其他登記事項,108年9月5日,三層,一層 二層 三層 見其他登記事項
RPQOMLLMJHPFFAI18CA,24,92.50,住家用,鋼筋混凝土造,84年7月11日,十二層,四層
RPQOMLLMJHPFFAI18CA,24,30.13,共有部份,鋼筋混凝土造,84年7月11日,十二層,
RPSNMLLLJHPFFAI18CA,7,189.24,見其他登記事項,見其他登記事項,102年4月1日,三層,一層 二層 三層 見其他登記事項
RPPPMLQKJHPFFAI48CA,,192.05,見其他登記事項,見其他登記事項,108年9月5日,三層,一層 二層 三層 見其他登記事項
RPQPMLQKJHPFFAI58CA,,201.55,見其他登記事項,見其他登記事項,108年9月5日,三層,一層 二層 三層 見其他登記事項
RPTOMLQKJHPFFAI78CA,,201.55,見其他登記事項,見其他登記事項,108年9月5日,三層,一層 二層 三層 見其他登記事項
RPOPMLQKJHPFFAI38CA,,188.95,見其他登記事項,見其他登記事項,108年9月5日,三層,一層 二層 三層 見其他登記事項
RPSNMLOLJHPFFAI48CA,24,53.96,住家用,鋼筋混凝土造,85年3月11日,二十層,七層
RPSNMLOLJHPFFAI48CA,24,15.06,共有部份,鋼筋混凝土造,85年3月11日,二十層,
RPVNMLKKKHPFFAI38CA,20,116.60,住商用,鋼筋混凝土造,88年7月31日,十四層,一層 二層 騎樓 夾層
RPVNMLKKKHPFFAI38CA,20,12.63,共有部份,鋼筋混凝土造,88年7月31日,十四層,
RPVNMLKKKHPFFAI38CA,20,3.96,共有部份,鋼筋混凝土造,88年7月31日,十四層,
RPTNMLNJKHPFFAI38CA,28,28.00,住家用,鋼筋混凝土造,80年7月10日,六層,四層
RPTNMLNJKHPFFAI38CA,28,6.76,共有部份,鋼筋混凝土造,80年7月10日,六層,
RPTNMLNJKHPFFAI38CA,28,4.08,見其他登記事項,鋼筋混凝土造,80年7月10日,六層,地下層
RPTNMLNJKHPFFAI38CA,28,.00,共有部份,鋼筋混凝土造,80年7月10日,六層,
RPQNMLRKJHPFFAI68EA,17,113.07,住家用,鋼筋混凝土造,92年3月17日,十四層,九層
RPQNMLRKJHPFFAI68EA,17,63.04,共有部份,鋼筋混凝土造,92年3月17日,十四層,
RPPNMLKLJHPFFAI97EA,28,86.00,住家用,鋼筋混凝土造,81年1月24日,六層,三層
RPPNMLKLJHPFFAI97EA,28,1.20,共有部份,鋼筋混凝土造,81年1月24日,六層,
RPPNMLKLJHPFFAI97EA,28,33.72,共有部份,鋼筋混凝土造,81年1月24日,六層,
RPPNMLKLJHPFFAI97EA,28,15.62,見其他登記事項,鋼筋混凝土造,81年1月24日,六層,地下層
RPTNMLMKKHPFFAI38CA,27,91.59,住家用,鋼筋混凝土造,81年11月19日,七層,三層
RPTNMLMKKHPFFAI38CA,27,19.64,共有部份,鋼筋混凝土造,81年11月19日,七層,
RPTNMLMKKHPFFAI38CA,27,28.00,見其他登記事項,鋼筋混凝土造,81年11月19日,七層,地下層
RPTNMLMKKHPFFAI38CA,27,.04,共有部份,鋼筋混凝土造,81年11月19日,七層,
RPPOMLQKJHPFFAI58EA,26,69.55,住家用,鋼筋混凝土造,83年1月21日,十二層,二層
RPPOMLQKJHPFFAI58EA,26,14.22,共有部份,鋼筋混凝土造,83年1月21日,十二層,
RPPOMLQKJHPFFAI58EA,26,13.53,共有部份,鋼筋混凝土造,83年1月21日,十二層,
RPSQMLLMJHPFFAI58CA,25,209.24,住商用,鋼筋混凝土造,83年6月16日,五層,一層 二層 三層 四層 五層
RPUOMLOJKHPFFAI68CA,1,278.47,見其他登記事項,見其他登記事項,108年1月29日,四層,一層 二層 三層 四層 見其他登記事項
RPUOMLOJKHPFFAI68CA,1,.06,見其他登記事項,見其他登記事項,108年1月29日,一層,
RPVOMLMKKHPFFAI68CA,24,90.59,住家用,鋼筋混凝土造,85年2月5日,十五層,三層
RPVOMLMKKHPFFAI68CA,24,8.19,見其他登記事項,鋼筋混凝土造,85年2月5日,十五層,
RPVOMLMKKHPFFAI68CA,24,15.89,共有部份,鋼筋混凝土造,85年2月5日,十五層,
RPVNMLLKKHPFFAI68EA,46,77.39,住家用,木造,62年10月10日,二層,一層 二層
RPPOMLOJKHPFFAI18CA,27,91.29,住家用,鋼筋混凝土造,81年12月10日,十六層,三層
RPPOMLOJKHPFFAI18CA,27,5.48,共有部份,鋼筋混凝土造,81年12月10日,十六層,
RPPOMLOJKHPFFAI18CA,27,12.14,共有部份,鋼筋混凝土造,81年12月10日,十六層,
RPXNMLOJKHPFFAI88CA,27,.34,住家用,鋼筋混凝土造,82年3月25日,六層,地下層
RPXNMLOJKHPFFAI88CA,27,20.61,共有部份,鋼筋混凝土造,82年3月25日,七層,
RPXNMLOJKHPFFAI88CA,27,86.43,住家用,鋼筋混凝土造,82年3月25日,七層,四層
RPXNMLOJKHPFFAI88CA,27,24.40,共有部份,鋼筋混凝土造,82年3月25日,七層,
RPXNMLOJKHPFFAI88CA,27,.07,共有部份,鋼筋混凝土造,82年3月25日,七層,
RPSNMLKKKHPFFAI08CA,9,337.72,商業用,見其他登記事項,99年12月31日,一層,一層
RPPNMLRJKHPFFAI38CA,,385.37,住家用,見其他登記事項,108年8月7日,四層,一層 二層 三層 四層
RPUOMLLLJHPFFAI48CA,,227.65,見其他登記事項,見其他登記事項,108年11月21日,三層,一層 二層 三層 見其他登記事項
RPVOMLMLJHPFFAI68CA,16,198.36,住商用,鋼筋混凝土造,92年8月15日,四層,一層 二層 三層 四層
RPRNMLLMJHPFFAI18CA,12,5.66,共有部份,鋼筋混凝土造,97年3月3日,四層,
RPRNMLLMJHPFFAI18CA,12,8.36,見其他登記事項,鋼筋混凝土造,97年3月3日,四層,三層
RPRNMLLMJHPFFAI18CA,12,12.51,共有部份,鋼筋混凝土造,97年3月3日,四層,
RPOOMLRKJHPFFAI38CA,27,88.62,住家用,鋼筋混凝土造,82年3月25日,十二層,九層
RPOOMLRKJHPFFAI38CA,27,9.07,共有部份,鋼筋混凝土造,82年3月25日,十二層,
RPOOMLRKJHPFFAI38CA,27,18.31,共有部份,鋼筋混凝土造,82年3月25日,十二層,
RPUNMLQJKHPFFAI78CA,1,233.12,見其他登記事項,見其他登記事項,107年10月3日,三層,一層 二層 三層 見其他登記事項
RPUNMLRKJHPFFAI88CA,15,115.58,住家用,鋼筋混凝土造,93年11月1日,十四層,二層
RPUNMLRKJHPFFAI88CA,15,71.46,共有部份,鋼筋混凝土造,93年11月1日,十四層,
RPROMLRKJHPFFAI68CA,4,190.98,見其他登記事項,見其他登記事項,104年10月21日,四層,一層 二層 三層 四層
RPSNMLKLJHPFFAI08CA,19,219.14,住商用,鋼筋混凝土造,89年8月8日,四層,一層 二層 三層 四層
RPQOMLRJKHPFFAI58CA,26,99.78,住家用,鋼筋混凝土造,83年4月6日,十二層,十層
RPQOMLRJKHPFFAI58CA,26,11.98,共有部份,鋼筋混凝土造,83年4月6日,十二層,
RPQOMLRJKHPFFAI58CA,26,17.62,共有部份,鋼筋混凝土造,83年4月6日,十二層,
RPQOMLRJKHPFFAI58CA,26,13.58,住家用,鋼筋混凝土造,83年4月6日,十二層,地下層
RPQOMLRJKHPFFAI58CA,26,.47,共有部份,鋼筋混凝土造,83年4月6日,十二層,
RPQOMLRJKHPFFAI58CA,26,1.63,共有部份,鋼筋混凝土造,83年4月6日,十二層,
RPOOMLQKJHPFFAI28CA,33,261.88,住商用,鋼筋混凝土造,75年9月16日,三層,一層 二層 三層 騎樓 地下層
RPWOMLLLJHPFFAI68CA,13,227.06,見其他登記事項,鋼筋混凝土造,95年12月26日,四層,一層 二層 三層 四層 見其他登記事項
RPSOMLMLJHPFFAI38CA,20,.14,見其他登記事項,鋼筋混凝土造,88年11月29日,十二層,一層
RPSOMLMLJHPFFAI38CA,20,73.99,住家用,鋼筋混凝土造,88年11月29日,十二層,十一層 夾層
RPSOMLMLJHPFFAI38CA,20,9.74,共有部份,鋼筋混凝土造,88年11月29日,十二層,
RPSOMLMLJHPFFAI38CA,20,18.38,共有部份,鋼筋混凝土造,88年11月29日,十二層,
RPSOMLMLJHPFFAI38CA,20,.02,共有部份,鋼筋混凝土造,88年11月29日,十二層,
RPPOMLRJKHPFFAI48CA,59,78.60,住家用,磚造,49年7月3日,二層,一層 二層 騎樓
RPPQMLKLJHPFFAI08CA,27,36.00,住家用,鋼筋混凝土造,81年10月29日,十層,七層
RPPQMLKLJHPFFAI08CA,27,5.39,共有部份,鋼筋混凝土造,81年10月29日,十層,
RPPQMLKLJHPFFAI08CA,27,1.80,共有部份,鋼筋混凝土造,81年10月29日,十層,
RPPQMLKLJHPFFAI08CA,27,2.74,共有部份,鋼筋混凝土造,81年10月29日,十層,
RPUOMLMKKHPFFAI58CA,47,106.46,住家用,鋼筋混凝土加強磚造,62年5月12日,二層,一層 二層 騎樓
RPQNMLLKKHPFFAI97CA,24,91.17,住家用,鋼筋混凝土造,84年10月2日,十二層,十層
RPQNMLLKKHPFFAI97CA,24,18.98,共有部份,鋼筋混凝土造,84年10月2日,十四層,
RPQNMLLKKHPFFAI97CA,24,13.36,共有部份,鋼筋混凝土造,84年10月2日,十二層,
RPPOMLKLJHPFFAI08EA,22,111.72,住家用,鋼筋混凝土造,87年3月19日,二十二層,十七層 十八層
RPPOMLKLJHPFFAI08EA,22,21.42,共有部份,鋼筋混凝土造,87年3月19日,二十二層,
RPPOMLKLJHPFFAI08EA,22,21.97,共有部份,鋼筋混凝土造,87年3月19日,二十二層,
RPUNMLMKKHPFFAI48CA,27,19.06,住家用,鋼筋混凝土造,82年6月9日,十二層,二層
RPUNMLMKKHPFFAI48CA,27,3.52,共有部份,鋼筋混凝土造,82年6月9日,十二層,
RPUNMLMKKHPFFAI48CA,27,5.53,共有部份,鋼筋混凝土造,82年6月9日,十二層,
RPQNMLKKKHPFFAI87CA,27,96.48,住家用,鋼筋混凝土造,82年6月18日,十二層,五層
RPQNMLKKKHPFFAI87CA,27,29.04,共有部份,鋼筋混凝土造,82年6月18日,十二層,
RPVNMLMKKHPFFAI58CA,29,24.57,住家用,鋼筋混凝土造,80年1月4日,六層,三層
RPVNMLMKKHPFFAI58CA,29,5.90,共有部份,鋼筋混凝土造,80年1月4日,六層,
RPVNMLMKKHPFFAI58CA,29,7.25,見其他登記事項,鋼筋混凝土造,80年1月4日,六層,地下層
RPROMLOJKHPFFAI38CA,7,286.56,見其他登記事項,見其他登記事項,101年7月6日,四層,一層 二層 三層 四層 見其他登記事項
RPVOMLOJKHPFFAI78CA,1,190.95,見其他登記事項,見其他登記事項,108年1月29日,三層,一層 二層 三層 見其他登記事項
RPVOMLOJKHPFFAI78CA,1,.06,見其他登記事項,見其他登記事項,108年1月29日,一層,
RPQNMLLMJHPFFAI08CA,26,98.25,住家用,鋼筋混凝土造,82年10月29日,十五層,十一層 門廳
RPQNMLLMJHPFFAI08CA,26,10.75,共有部份,鋼筋混凝土造,82年10月29日,十五層,
RPQNMLLMJHPFFAI08CA,26,13.56,共有部份,鋼筋混凝土造,82年10月29日,十五層,
RPQQMLLMJHPFFAI38CA,8,34.58,住家用,見其他登記事項,101年5月16日,一層,一層
RPQPMLKLJHPFFAI08CA,36,49.83,住家用,鋼筋混凝土造,72年8月2日,八層,七層
RPQPMLKLJHPFFAI08CA,36,19.85,共有部份,鋼筋混凝土造,72年8月2日,八層,
RPUNMLLLJHPFFAI38CA,,207.66,見其他登記事項,見其他登記事項,108年9月4日,三層,一層 二層 三層 見其他登記事項
RPPNMLLLJHPFFAI87CA,,201.10,住家用,見其他登記事項,108年10月16日,四層,一層 二層 三層 四層
RPVNMLQJKHPFFAI88CA,23,1101.93,住家用,鋼筋混凝土造,86年4月12日,四層,一層 二層 三層 四層 地下一層
RPWNMLOJKHPFFAI78CA,36,62.04,住商用,鋼筋混凝土造,72年7月8日,五層,一層
RPWNMLOJKHPFFAI78CA,36,4.73,共有部份,鋼筋混凝土造,72年7月8日,五層,
RPWNMLOJKHPFFAI78CA,36,5.77,共有部份,鋼筋混凝土造,72年7月8日,五層,
RPSNMLMLJHPFFAI28CA,26,95.79,住家用,鋼筋混凝土造,82年11月11日,十三層,一層
RPSNMLMLJHPFFAI28CA,26,27.33,共有部份,鋼筋混凝土造,82年11月11日,十三層,
RPTNMLLMJHPFFAI38CA,27,85.37,住商用,鋼筋混凝土造,81年11月17日,七層,一層 地下層
RPTNMLLMJHPFFAI38CA,27,15.93,共有部份,鋼筋混凝土造,81年11月17日,七層,
RPSOMLOJKHPFFAI48CA,27,100.54,住家用,鋼筋混凝土造,81年7月28日,十四層,十四層
RPSOMLOJKHPFFAI48CA,27,11.55,共有部份,鋼筋混凝土造,81年7月28日,十四層,
RPSOMLOJKHPFFAI48CA,27,15.33,共有部份,鋼筋混凝土造,81年7月28日,十四層,
RPTNMLMLJHPFFAI38CA,,208.14,見其他登記事項,見其他登記事項,108年9月4日,三層,一層 二層 三層 見其他登記事項
RPRNMLRJKHPFFAI58CA,7,.11,見其他登記事項,見其他登記事項,102年6月5日,一層,一層
RPRNMLRJKHPFFAI58CA,7,.00,見其他登記事項,見其他登記事項,102年6月5日,一層,
RPRNMLRJKHPFFAI58CA,7,.10,見其他登記事項,見其他登記事項,102年6月5日,一層,
RPRNMLRJKHPFFAI58CA,7,389.42,見其他登記事項,見其他登記事項,102年6月5日,五層,一層 二層 三層 四層 五層
RPRNMLRJKHPFFAI58CA,7,2.94,見其他登記事項,見其他登記事項,102年6月5日,一層,
RPVNMLLKKHPFFAI48CA,42,89.13,住家用,鋼筋混凝土加強磚造,66年6月16日,二層,一層 二層
RPWNMLLKKHPFFAI58CA,30,181.09,住家用,鋼筋混凝土加強磚造,79年4月20日,二層,一層 二層
RPQNMLNKKHPFFAI18CA,15,168.07,見其他登記事項,鋼筋混凝土造,93年9月23日,三層,一層 二層 三層 見其他登記事項
RPRNMLRKKHPFFAI68CA,24,81.92,住家用,鋼筋混凝土造,84年8月16日,十九層,十六層
RPRNMLRKKHPFFAI68CA,24,26.81,共有部份,鋼筋混凝土造,84年8月16日,十九層,
RPTOMLMKKHPFFAI48CA,26,107.14,住家用,鋼筋混凝土造,82年11月11日,十三層,十一層
RPTOMLMKKHPFFAI48CA,26,30.65,共有部份,鋼筋混凝土造,82年11月11日,十三層,
RPROMLNJKHPFFAI28CA,24,265.87,住商用,鋼筋混凝土造,85年2月16日,五層,一層 二層 三層 四層 五層
RPWPMLLMJHPFFAI88CA,,196.23,見其他登記事項,見其他登記事項,108年11月4日,三層,一層 二層 三層 見其他登記事項
RPTOMLLLJHPFFAI38CA,27,98.43,農舍,見其他登記事項,82年1月27日,一層,一層
RPSOMLNJKHPFFAI38CA,24,84.40,住家用,鋼造,84年5月24日,二層,一層 二層
RPRNMLPKKHPFFAI48CA,27,41.16,住家用,鋼筋混凝土造,82年4月23日,八層,四層
RPRNMLPKKHPFFAI48CA,27,23.63,共有部份,鋼筋混凝土造,82年4月23日,八層,
RPPNMLKMJHPFFAI08EA,29,2.10,共有部份,鋼筋混凝土造,79年10月15日,七層,
RPPNMLKMJHPFFAI08EA,29,23.22,住商用,鋼筋混凝土造,79年10月15日,七層,一層 二層
RPPNMLKMJHPFFAI08EA,15,19.18,住家用,鋼筋混凝土造,93年10月29日,十四層,六層
RPPNMLKMJHPFFAI08EA,15,11.85,共有部份,鋼筋混凝土造,93年10月29日,十四層,
RPPNMLKMJHPFFAI08EA,55,25.73,住商用,見使用執照,54年5月31日,三層,一層 二層 三層
RPQNMLMLJHPFFAI28EA,40,98.48,住家用,鋼筋混凝土加強磚造,69年4月8日,二層,一層 二層
RPROMLMLJHPFFAI28CA,24,110.34,住家用,鋼筋混凝土造,84年9月26日,十二層,九層
RPROMLMLJHPFFAI28CA,24,29.90,共有部份,鋼筋混凝土造,84年9月26日,十二層,
RPUNMLNJKHPFFAI48CA,9,229.55,見其他登記事項,見其他登記事項,99年10月25日,三層,一層 二層 三層 見其他登記事項
RPVNMLNJKHPFFAI58CA,27,110.48,住家用,鋼筋混凝土造,81年7月28日,十四層,四層
RPVNMLNJKHPFFAI58CA,27,13.57,共有部份,鋼筋混凝土造,81年7月28日,十四層,
RPVNMLNJKHPFFAI58CA,27,19.93,共有部份,鋼筋混凝土造,81年7月28日,十四層,
RPSNMLLMJHPFFAI28CA,25,242.23,住家用,鋼筋混凝土造,84年2月8日,八層,六層
RPSNMLLMJHPFFAI28CA,25,44.32,共有部份,鋼筋混凝土造,84年2月8日,八層,
RPPNMLPJKHPFFAI18CA,24,47.45,住家用,鋼筋混凝土造,85年3月11日,二十層,十九層
RPPNMLPJKHPFFAI18CA,24,12.05,共有部份,鋼筋混凝土造,85年3月11日,二十層,
RPPNMLPJKHPFFAI18CA,24,12.05,共有部份,鋼筋混凝土造,85年3月11日,二十層,
RPPNMLPJKHPFFAI18CA,24,47.45,住家用,鋼筋混凝土造,85年3月11日,二十層,二十層
RPSNMLRJKHPFFAI68CA,34,56.73,住家用,鋼筋混凝土造,75年5月22日,十層,七層
RPSNMLRJKHPFFAI68CA,34,5.61,共有部份,鋼筋混凝土造,75年5月22日,十層,
RPSNMLRJKHPFFAI68CA,34,5.14,共有部份,鋼筋混凝土造,75年5月22日,十層,
RPSNMLKLKHPFFAI18CA,24,99.69,住家用,鋼筋混凝土造,85年6月18日,九層,四層
RPSNMLKLKHPFFAI18CA,24,35.76,共有部份,鋼筋混凝土造,85年6月18日,九層,
RPUNMLKMJHPFFAI38CA,27,28.30,住家用,鋼筋混凝土造,82年6月9日,十六層,七層
RPUNMLKMJHPFFAI38CA,27,4.66,共有部份,鋼筋混凝土造,82年6月9日,十六層,
RPUNMLKMJHPFFAI38CA,27,6.11,共有部份,鋼筋混凝土造,82年6月9日,十六層,
RPQNMLRKKHPFFAI58CA,31,158.70,住家用,鋼筋混凝土造,78年1月7日,二層,一層 二層 夾層
RPRNMLLLKHPFFAI18CA,,221.79,見其他登記事項,見其他登記事項,108年11月21日,三層,一層 二層 三層 見其他登記事項
RPPOMLRKKHPFFAI58CA,40,103.17,住家用,鋼筋混凝土加強磚造,68年7月14日,二層,一層 二層
RPQNMLRJKHPFFAI48CA,43,104.62,住家用,鋼筋混凝土加強磚造,66年2月12日,二層,一層 二層 騎樓
RPPOMLQJKHPFFAI38CA,16,71.36,見其他登記事項,鋼筋混凝土造,88年3月10日,四層,一層 二層 三層 四層
RPPOMLQJKHPFFAI38CA,16,71.36,見其他登記事項,鋼筋混凝土造,88年3月10日,四層,一層 二層 三層 四層
RPTOMLNJKHPFFAI48CA,8,211.30,見其他登記事項,見其他登記事項,101年2月15日,三層,一層 二層 三層 見其他登記事項
RPPOMLLMJHPFFAI08CA,,227.65,見其他登記事項,見其他登記事項,108年11月21日,三層,一層 二層 三層 見其他登記事項
RPVNMLPJKHPFFAI98EA,27,105.29,住家用,鋼筋混凝土造,82年3月16日,七層,四層
RPVNMLPJKHPFFAI98EA,27,10.15,共有部份,鋼筋混凝土造,82年3月16日,七層,
RPVNMLPJKHPFFAI98EA,27,15.93,共有部份,鋼筋混凝土造,82年3月16日,七層,
RPSNMLRKKHPFFAI78CA,26,82.88,住家用,鋼筋混凝土造,83年5月6日,七層,三層
RPSNMLRKKHPFFAI78CA,26,16.91,共有部份,鋼筋混凝土造,83年5月6日,七層,
RPSNMLRKKHPFFAI78CA,26,15.92,共有部份,鋼筋混凝土造,83年5月6日,七層,
RPOOMLLMJHPFFAI97CA,30,129.05,住家用,鋼筋混凝土造,79年2月19日,七層,一層
RPOOMLLMJHPFFAI97CA,30,26.64,共有部份,鋼筋混凝土造,79年2月19日,七層,
RPTNMLOJKHPFFAI48CA,3,220.85,住家用,見其他登記事項,106年1月11日,四層,一層 二層 三層 四層
RPTNMLOJKHPFFAI48CA,3,.12,見其他登記事項,見其他登記事項,106年1月11日,一層,
RPWNMLNJKHPFFAI88EA,38,99.21,住商用,鋼筋混凝土造,71年2月26日,三層,一層 二層 三層
RPPNMLOJKHPFFAI08CA,38,219.09,住商用,鋼筋混凝土造,71年2月26日,三層,一層 二層 三層 地下層
RPQNMLOJKHPFFAI18CA,7,466.04,住家用,見其他登記事項,102年3月14日,五層,一層 二層 三層 四層 五層
RPPNMLQJKHPFFAI28CA,27,99.70,住家用,鋼筋混凝土造,81年8月28日,十層,六層
RPPNMLQJKHPFFAI28CA,27,29.48,共有部份,鋼筋混凝土造,81年8月28日,十層,
RPVOMLPLKHPFFAI09CA,27,98.88,住家用,鋼筋混凝土造,82年3月25日,十二層,五層
RPVOMLPLKHPFFAI09CA,27,12.22,共有部份,鋼筋混凝土造,82年3月25日,十二層,
RPVOMLPLKHPFFAI09CA,27,19.28,共有部份,鋼筋混凝土造,82年3月25日,十二層,
RPRNMLQKKHPFFAI58CA,25,114.55,住家用,鋼筋混凝土造,83年11月29日,十六層,四層
RPRNMLQKKHPFFAI58CA,25,23.45,共有部份,鋼筋混凝土造,83年11月29日,十六層,
RPWNMLTKKHPFFAI76CA,29,25.76,住家用,鋼筋混凝土造,79年11月10日,八層,六層
RPWNMLTKKHPFFAI76CA,29,4.89,共有部份,鋼筋混凝土造,79年11月10日,八層,
RPTNMLTJKHPFFAI98CA,26,87.28,住家用,鋼筋混凝土造,82年11月18日,十二層,六層
RPTNMLTJKHPFFAI98CA,26,13.80,共有部份,鋼筋混凝土造,82年11月18日,十二層,
RPTNMLTJKHPFFAI98CA,26,12.59,共有部份,鋼筋混凝土造,82年11月18日,十二層,
RPSOMLMKKHPFFAI38CA,26,200.46,見其他登記事項,鋼筋混凝土造,83年1月18日,四層,一層 二層 三層 四層 屋頂突出物 騎樓
RPVOMLLKKHPFFAI58CA,21,223.14,見其他登記事項,鋼筋混凝土造,87年10月29日,四層,一層 二層 三層 四層
RPPOMLLLKHPFFAI08CA,31,35.67,共有部份,鋼筋混凝土造,78年2月3日,七層,
RPPOMLLLKHPFFAI08CA,31,107.48,住家用,鋼筋混凝土造,78年2月3日,七層,二層
RPUNMLRJKHPFFAI88CA,37,104.76,住家用,鋼筋混凝土造,72年3月31日,五層,四層
RPUNMLRJKHPFFAI88CA,37,7.52,共有部份,鋼筋混凝土造,72年3月31日,五層,
RPVOMLNJKHPFFAI68CA,26,109.44,住家用,鋼筋混凝土造,83年4月20日,四層,一層 二層 三層 四層
RPPOMLNJKHPFFAI08CA,4,95.04,見其他登記事項,見其他登記事項,105年5月10日,十四層,七層
RPPOMLNJKHPFFAI08CA,4,46.27,見其他登記事項,見其他登記事項,105年5月10日,十四層,
RPPOMLNJKHPFFAI08CA,4,26.29,見其他登記事項,見其他登記事項,105年5月10日,十四層,
RPSNMLKKKHPFFAI28EA,52,67.24,住家用,木造,57年4月2日,二層,一層 二層
RPQOMLPJKHPFFAI38CA,34,114.71,住商用,加強磚造,74年10月29日,二層,一層 二層
RPPNMLPKKHPFFAI28CA,13,175.05,住家用,鋼筋混凝土造,96年3月13日,三層,一層 二層 三層
RPVNMLKLKHPFFAI48CA,15,127.58,住家用,鋼筋混凝土造,93年10月29日,十四層,十四層
RPVNMLKLKHPFFAI48CA,15,84.90,共有部份,鋼筋混凝土造,93年10月29日,十四層,
RPUNMLNKKHPFFAI58CA,12,105.39,見其他登記事項,見其他登記事項,97年2月5日,十一層,三層
RPUNMLNKKHPFFAI58CA,12,22.02,共有部份,見其他登記事項,97年2月5日,十一層,
RPUNMLNKKHPFFAI58CA,12,16.26,共有部份,見其他登記事項,97年2月5日,十一層,
RPUNMLNKKHPFFAI58CA,12,.11,見其他登記事項,見其他登記事項,97年2月5日,十一層,二層
RPUNMLNKKHPFFAI58CA,12,.02,共有部份,見其他登記事項,97年2月5日,十一層,
RPUNMLNKKHPFFAI58CA,12,.34,共有部份,見其他登記事項,97年2月5日,十一層,
RPSNMLQJKHPFFAI58CA,24,23.37,住家用,鋼筋混凝土造,84年10月4日,十一層,六層
RPSNMLQJKHPFFAI58CA,24,3.34,共有部份,鋼筋混凝土造,84年10月4日,十一層,
RPSNMLQJKHPFFAI58CA,24,4.55,共有部份,鋼筋混凝土造,84年10月4日,十一層,
RPTNMLQJKHPFFAI68CA,4,272.07,見其他登記事項,見其他登記事項,104年11月2日,四層,一層 二層 三層 四層 見其他登記事項
RPPOMLPJKHPFFAI28CA,26,102.15,住家用,鋼筋混凝土造,83年7月1日,十四層,七層
RPPOMLPJKHPFFAI28CA,26,16.86,共有部份,鋼筋混凝土造,83年7月1日,十四層,
RPPOMLPJKHPFFAI28CA,26,12.33,共有部份,鋼筋混凝土造,83年7月1日,十四層,
RPRNMLPJKHPFFAI38CA,27,66.87,住家用,鋼筋混凝土造,82年6月12日,七層,六層
RPRNMLPJKHPFFAI38CA,27,10.44,共有部份,鋼筋混凝土造,82年6月12日,七層,
RPRNMLPJKHPFFAI38CA,27,10.99,共有部份,鋼筋混凝土造,82年6月12日,七層,
RPRNMLKKKHPFFAI97CA,24,36.89,共有部份,鋼筋混凝土造,84年9月26日,十二層,
RPRNMLKKKHPFFAI97CA,24,161.30,商業用,鋼筋混凝土造,84年9月26日,十二層,一層
RPRNMLKKKHPFFAI97CA,24,18.44,共有部份,鋼筋混凝土造,84年9月26日,十二層,
RPRNMLKKKHPFFAI97CA,24,165.08,住家用,鋼筋混凝土造,84年9月26日,十二層,三層
RPRNMLKKKHPFFAI97CA,24,18.44,共有部份,鋼筋混凝土造,84年9月26日,十二層,
RPRNMLKKKHPFFAI97CA,11,269.96,見其他登記事項,見其他登記事項,97年12月1日,四層,一層 二層 三層 四層 見其他登記事項
RPRNMLKKKHPFFAI97CA,11,238.79,見其他登記事項,見其他登記事項,97年12月1日,四層,一層 二層 三層 四層
RPRNMLKKKHPFFAI97CA,24,165.08,住家用,鋼筋混凝土造,84年9月26日,十二層,二層
RPUNMLOKKHPFFAI68CA,14,168.64,住家用,鋼筋混凝土造,94年10月21日,四層,一層 二層 三層 四層
RPUNMLKLKHPFFAI38CA,25,68.25,住家用,鋼筋混凝土造,83年11月25日,十六層,六層
RPUNMLKLKHPFFAI38CA,25,5.24,共有部份,鋼筋混凝土造,83年11月25日,十六層,
RPUNMLKLKHPFFAI38CA,25,12.70,共有部份,鋼筋混凝土造,83年11月25日,十六層,
RPSNMLRLKHPFFAI88CA,27,36.38,住家用,鋼筋混凝土造,82年6月9日,十六層,六層
RPSNMLRLKHPFFAI88CA,27,8.62,共有部份,鋼筋混凝土造,82年6月9日,十六層,
RPSNMLRLKHPFFAI88CA,27,5.98,共有部份,鋼筋混凝土造,82年6月9日,十六層,
RPSNMLTJKHPFFAI88CA,38,74.98,見其他登記事項,鋼筋混凝土造,71年5月3日,五層,三層
RPSNMLTJKHPFFAI88CA,38,7.65,共有部份,鋼筋混凝土造,71年5月3日,五層,
RPWNMLMKKHPFFAI68CA,27,59.03,住家用,鋼筋混凝土造,81年11月17日,七層,四層
RPWNMLMKKHPFFAI68CA,27,20.25,共有部份,鋼筋混凝土造,81年11月17日,七層,
RPTOMLLKKHPFFAI38CA,26,113.91,住家用,鋼筋混凝土造,82年7月12日,七層,四層
RPTOMLLKKHPFFAI38CA,26,16.31,共有部份,鋼筋混凝土造,82年7月12日,七層,
RPTOMLLKKHPFFAI38CA,26,19.99,共有部份,鋼筋混凝土造,82年7月12日,七層,
RPROMLMKKHPFFAI28CA,25,82.55,住家用,鋼筋混凝土造,83年12月15日,六層,三層
RPROMLMKKHPFFAI28CA,25,49.10,共有部份,鋼筋混凝土造,83年12月15日,六層,
RPSNMLPKKHPFFAI58CA,35,48.30,住家用,鋼筋混凝土造,73年7月27日,十層,四層
RPSNMLPKKHPFFAI58CA,35,7.00,共有部份,鋼筋混凝土造,73年7月27日,十層,
RPSNMLPKKHPFFAI58CA,35,3.05,共有部份,鋼筋混凝土造,73年7月27日,十層,
RPRNMLNKKHPFFAI28CA,20,78.83,住家用,鋼筋混凝土造,88年7月31日,十四層,三層
RPRNMLNKKHPFFAI28CA,20,8.91,共有部份,鋼筋混凝土造,88年7月31日,十四層,
RPRNMLNKKHPFFAI28CA,20,11.16,共有部份,鋼筋混凝土造,88年7月31日,十四層,
RPXNMLNJLHPFFAI88CA,35,111.43,住商用,加強磚造,74年5月15日,二層,一層 二層
RPWOMLLKKHPFFAI68CA,38,80.44,住家用,鋼筋混凝土加強磚造,71年3月18日,二層,一層 二層
RPQOMLRLKHPFFAI78CA,,194.62,見其他登記事項,見其他登記事項,108年11月4日,三層,一層 二層 三層 見其他登記事項
RPTNMLNKKHPFFAI48CA,26,78.10,住家用,鋼筋混凝土造,82年10月18日,十四層,六層
RPTNMLNKKHPFFAI48CA,26,24.04,共有部份,鋼筋混凝土造,82年10月18日,十四層,
RPRNMLRLKHPFFAI78CA,21,29.71,住家用,見其他登記事項,88年2月8日,一層,一層
RPVNMLRLKHPFFAI56CA,40,57.98,住家用,鋼筋混凝土造,68年12月19日,十層,十層
RPVNMLRLKHPFFAI56CA,40,8.78,共有部份,鋼筋混凝土造,68年12月19日,十層,
RPOOMLRJKHPFFAI38CA,27,27.55,住家用,鋼筋混凝土造,81年9月3日,七層,三層
RPOOMLRJKHPFFAI38CA,27,3.76,共有部份,鋼筋混凝土造,81年9月3日,七層,
RPOOMLRJKHPFFAI38CA,27,9.43,共有部份,鋼筋混凝土造,81年9月3日,七層,
RPQOMLQJKHPFFAI48CA,15,115.40,住家用,鋼筋混凝土造,93年11月1日,十四層,十三層
RPQOMLQJKHPFFAI48CA,15,73.25,共有部份,鋼筋混凝土造,93年11月1日,十四層,
RPUNMLRLKHPFFAI09CA,24,33.54,住家用,鋼筋混凝土造,85年2月5日,十五層,四層
RPUNMLRLKHPFFAI09CA,24,2.98,見其他登記事項,鋼筋混凝土造,85年2月5日,十五層,
RPUNMLRLKHPFFAI09CA,24,6.50,共有部份,鋼筋混凝土造,85年2月5日,十五層,
RPXNMLQJKHPFFAI09CA,43,85.88,住家用,鋼筋混凝土加強磚造,65年9月30日,二層,一層 二層
RPOOMLQJKHPFFAI28CA,33,121.75,住家用,鋼筋混凝土造,76年1月26日,五層,三層
RPRNMLQJKHPFFAI48CA,24,107.32,住家用,鋼筋混凝土造,84年10月13日,十二層,四層
RPRNMLQJKHPFFAI48CA,24,26.11,共有部份,鋼筋混凝土造,84年10月13日,十二層,
RPQNMLTJKHPFFAI68CA,26,22.65,住家用,鋼筋混凝土造,82年10月12日,七層,六層
RPQNMLTJKHPFFAI68CA,26,13.60,共有部份,鋼筋混凝土造,82年10月12日,七層,
RPXNMLRJKHPFFAI76EA,27,4.50,共有部份,鋼筋混凝土造,81年10月29日,十層,
RPXNMLRJKHPFFAI76EA,27,29.15,住家用,鋼筋混凝土造,81年10月29日,十層,八層
RPXNMLRJKHPFFAI76EA,27,1.60,共有部份,鋼筋混凝土造,81年10月29日,十層,
RPXNMLRJKHPFFAI76EA,27,2.24,共有部份,鋼筋混凝土造,81年10月29日,十層,
RPPNMLMKKHPFFAI18EA,29,121.71,住家用,鋼筋混凝土造,79年10月15日,七層,四層
RPPNMLMKKHPFFAI18EA,29,20.18,共有部份,鋼筋混凝土造,79年10月15日,七層,
RPUNMLOLKHPFFAI78CA,1,311.33,住家用,見其他登記事項,108年1月7日,四層,一層 二層 三層 四層
RPVNMLRJKHPFFAI98CA,31,147.61,住商用,鋼筋混凝土造,78年1月18日,三層,一層 二層 三層 騎樓
RPPNMLKKKHPFFAI77CA,47,73.00,住家用,鋼筋混凝土加強磚造,62年2月18日,二層,一層 二層
RPTNMLKKKHPFFAI18CA,27,83.66,住家用,鋼筋混凝土造,82年5月25日,十層,十層
RPTNMLKKKHPFFAI18CA,27,15.37,共有部份,鋼筋混凝土造,82年5月25日,十層,
RPTNMLKKKHPFFAI18CA,27,11.26,共有部份,鋼筋混凝土造,82年5月25日,十層,
RPQNMLMLKHPFFAI18CA,26,95.11,住家用,鋼筋混凝土造,83年2月3日,十二層,四層
RPQNMLMLKHPFFAI18CA,26,17.91,共有部份,鋼筋混凝土造,83年2月3日,十二層,
RPRNMLPLKHPFFAI58CA,4,406.34,見其他登記事項,見其他登記事項,105年1月5日,三層,一層 二層 三層 地下一層 見其他登記事項
RPUOMLLKKHPFFAI48CA,25,30.50,住家用,鋼筋混凝土造,83年11月28日,十二層,四層
RPUOMLLKKHPFFAI48CA,25,10.74,共有部份,鋼筋混凝土造,83年11月28日,十二層,
RPXNMLRLKHPFFAI76CA,27,80.53,住家用,鋼筋混凝土造,82年6月9日,十六層,十五層
RPXNMLRLKHPFFAI76CA,27,20.22,共有部份,鋼筋混凝土造,82年6月9日,十六層,
RPXNMLRLKHPFFAI76CA,27,14.11,共有部份,鋼筋混凝土造,82年6月9日,十六層,
RPRNMLMLKHPFFAI28CA,27,59.17,住家用,鋼筋混凝土造,82年6月23日,十三層,十二層
RPRNMLMLKHPFFAI28CA,27,9.94,共有部份,鋼筋混凝土造,82年6月23日,十三層,
RPRNMLMLKHPFFAI28CA,27,7.09,共有部份,鋼筋混凝土造,82年6月23日,十三層,
RPPOMLOLKHPFFAI38CA,36,94.17,住家用,鋼筋混凝土造,72年7月8日,五層,四層
RPPOMLOLKHPFFAI38CA,36,11.17,共有部份,鋼筋混凝土造,72年7月8日,五層,
RPPOMLOLKHPFFAI38CA,36,7.61,共有部份,鋼筋混凝土造,72年7月8日,五層,
RPPNMLSJKHPFFAI48CA,48,51.57,住家用,木造,60年12月12日,一層,一層
RPQNMLLJLHPFFAI97CA,37,100.36,住商用,鋼筋混凝土加強磚造,71年12月16日,二層,一層 二層
RPRNMLLJLHPFFAI08CA,39,116.64,住家用,鋼筋混凝土加強磚造,69年11月6日,二層,一層 二層
RPPNMLTJKHPFFAI58CA,1,368.30,見其他登記事項,見其他登記事項,107年10月1日,四層,一層 二層 三層 四層
RPTOMLLLKHPFFAI48CA,26,93.68,住家用,鋼筋混凝土造,83年6月6日,十層,十層
RPTOMLLLKHPFFAI48CA,26,12.43,共有部份,鋼筋混凝土造,83年6月6日,十層,
RPTOMLLLKHPFFAI48CA,26,19.45,共有部份,鋼筋混凝土造,83年6月6日,十層,
RPXOMLLKKHPFFAI78CA,45,117.04,住家用,鋼筋混凝土加強磚造,63年10月19日,二層,一層 二層
RPPNMLNKKHPFFAI08CA,24,78.91,住家用,鋼筋混凝土造,85年4月1日,十一層,九層
RPPNMLNKKHPFFAI08CA,24,35.21,共有部份,鋼筋混凝土造,85年4月1日,十一層,
RPTNMLOKKHPFFAI58CA,7,658.77,見其他登記事項,見其他登記事項,101年10月19日,五層,一層 二層 三層 四層 五層 見其他登記事項
RPQOMLLKKHPFFAI08CA,27,22.29,住家用,鋼筋混凝土造,82年6月9日,十二層,三層
RPQOMLLKKHPFFAI08CA,27,6.45,共有部份,鋼筋混凝土造,82年6月9日,十二層,
RPQOMLLKKHPFFAI08CA,27,4.18,共有部份,鋼筋混凝土造,82年6月9日,十二層,
RPOOMLLKKHPFFAI87CA,27,22.29,住家用,鋼筋混凝土造,82年6月9日,十二層,二層
RPOOMLLKKHPFFAI87CA,27,4.18,共有部份,鋼筋混凝土造,82年6月9日,十二層,
RPOOMLLKKHPFFAI87CA,27,6.45,共有部份,鋼筋混凝土造,82年6月9日,十二層,
RPPOMLLKKHPFFAI97CA,15,114.03,住家用,鋼筋混凝土造,93年10月28日,十四層,八層
RPPOMLLKKHPFFAI97CA,15,71.76,共有部份,鋼筋混凝土造,93年10月28日,十四層,
RPPNMLOKKHPFFAI18CA,29,439.22,住商用,鋼筋混凝土造,80年4月12日,五層,一層 二層 三層 四層 五層 騎樓
RPSOMLLKKHPFFAI28CA,39,109.58,住家用,鋼筋混凝土加強磚造,70年5月2日,二層,一層 二層
RPPNMLLKKHPFFAI08EA,37,116.58,住家用,鋼筋混凝土加強磚造,71年11月18日,二層,一層 二層
RPPNMLOJLHPFFAI38EA,27,70.25,住家用,鋼筋混凝土造,82年2月22日,六層,五層
RPPNMLKLKHPFFAI08EA,22,53.74,住家用,鋼筋混凝土造,87年3月19日,二十二層,十七層
RPPNMLKLKHPFFAI08EA,22,10.14,共有部份,鋼筋混凝土造,87年3月19日,二十二層,
RPPNMLKLKHPFFAI08EA,22,11.63,共有部份,鋼筋混凝土造,87年3月19日,二十二層,
RPTNMLMJLHPFFAI38CA,25,263.86,見其他登記事項,鋼筋混凝土造,83年11月9日,三層,一層 二層 三層 夾層 地下層
