鄉鎮市區,交易標的,土地區段位置建物區段門牌,土地移轉總面積平方公尺,都市土地使用分區,非都市土地使用分區,非都市土地使用編定,交易年月日,交易筆棟數,移轉層次,總樓層數,建物型態,主要用途,主要建材,建築完成年月,建物移轉總面積平方公尺,建物現況格局-房,建物現況格局-廳,建物現況格局-衛,建物現況格局-隔間,有無管理組織,總價元,單價元平方公尺,車位類別,車位移轉總面積(平方公尺),車位總價元,備註,編號,主建物面積,附屬建物面積,陽台面積,電梯
The villages and towns urban district,transaction sign,land sector position building sector house number plate,land shifting total area square meter,the use zoning or compiles and checks,the non-metropolis land use district,non-metropolis land use,transaction year month and day,transaction pen number,shifting level,total floor number,building state,main use,main building materials,construction to complete the years,building shifting total area,Building present situation pattern - room,building present situation pattern - hall,building present situation pattern - health,building present situation pattern - compartmented,Whether there is manages the organization,total price NTD,the unit price (NTD / square meter),the berth category,berth shifting total area square meter,the berth total price NTD,the note,serial number,,,,
金寧鄉,房地(土地+建物),金門縣金寧鄉下埔下331~360號,404.56,其他,,,1090429,土地1建物1車位0,一層，二層，三層,三層,農舍,農舍,鋼筋混凝土造,1031117,403.38,8,1,10,有,無,27000000,,,0.0,0,,RPPNMLOKNHPFFAW27CA,363.78,0.0,39.6,
金寧鄉,房地(土地+建物)+車位,金門縣金寧鄉下堡121~150號,107.03,住,,,1090423,土地1建物1車位1,全,三層,透天厝,見其他登記事項,鋼筋混凝土造,1070627,296.51,5,1,5,有,無,3200000,10792,坡道平面,32.05,0,親友、員工或其他特殊關係間之交易。;,RPSNMLOKNHPFFAW57CA,201.96,2.03,5.2,
金沙鎮,土地,沙港劃段451~480地號,1000.01,農,,,1090422,土地1建物0車位0,,,其他,,,,0.0,0,0,0,有,無,4100000,4100,,0.0,0,,RPRNMLMKNHPFFAW27CA,0.0,0.0,0.0,
金寧鄉,土地,寧劃段1141~1170地號,490.02,農,,,1090424,土地2建物0車位0,,,其他,,,,0.0,0,0,0,有,無,3150000,6428,,0.0,0,,RPSNMLMKNHPFFAW37CA,0.0,0.0,0.0,
金寧鄉,土地,后沙劃測段811~840地號,155.64,其他,,,1090506,土地1建物0車位0,,,其他,,,,0.0,0,0,0,有,無,1276248,8200,,0.0,0,包含公共設施保留地之交易。;,RPVNMLLKNHPFFAW67DA,0.0,0.0,0.0,
金湖鎮,房地(土地+建物),金門縣金湖鎮夏興61~90號,19.16,住,,,1090507,土地1建物1車位0,二層,三層,公寓(5樓含以下無電梯),見其他登記事項,鋼筋混凝土造,1041125,35.28,0,0,0,無,無,1600000,45351,,0.0,0,急買急賣。;,RPRNMLNKNHPFFAW37CA,28.07,0.0,3.07,
金寧鄉,土地,寧安二劃段211~240地號,640.0,農,,,1090511,土地2建物0車位0,,,其他,,,,0.0,0,0,0,有,無,2760000,4313,,0.0,0,,RPSNMLSKNHPFFAW97CA,0.0,0.0,0.0,
金城鎮,房地(土地+建物),金門縣金城鎮珠浦西路28巷4弄1~30號,29.96,住,,,1090510,土地1建物1車位0,三層,五層,公寓(5樓含以下無電梯),見其他登記事項,鋼筋混凝土造,1020519,86.88,3,1,1,有,無,8000000,92081,,0.0,0,,RPTNMLSKNHPFFAW08CA,65.46,0.0,8.35,
金寧鄉,土地,青山段721~750地號,970.86,農,,,1090421,土地1建物0車位0,,,其他,,,,0.0,0,0,0,有,無,450000,464,,0.0,0,急買急賣。;,RPPNMLTKNHPFFAW77CA,0.0,0.0,0.0,
金寧鄉,土地,寧湖一劃段331~360地號,375.0,農,,,1090504,土地1建物0車位0,,,其他,,,,0.0,0,0,0,有,無,2500000,6667,,0.0,0,,RPTNMLOKNHPFFAW67CA,0.0,0.0,0.0,
金城鎮,土地,歐厝段901~930地號,790.19,其他,,,1090428,土地2建物0車位0,,,其他,,,,0.0,0,0,0,有,無,2520000,3189,,0.0,0,親友、員工或其他特殊關係間之交易。;,RPRNMLPKNHPFFAW57CA,0.0,0.0,0.0,
金寧鄉,房地(土地+建物),金門縣金寧鄉下堡91~120號,11.1,其他,,,1090508,土地1建物1車位0,一層,三層,公寓(5樓含以下無電梯),見其他登記事項,鋼筋混凝土造,1021120,31.630000000000003,1,1,1,有,無,1950000,61650,,0.0,0,,RPXNMLPKNHPFFAW18CA,20.52,0.0,2.28,
金沙鎮,房地(土地+建物),金門縣金沙鎮后浦頭121~150號,84.48,其他,,,1090421,土地1建物1車位0,一層,三層,公寓(5樓含以下無電梯),見其他登記事項,鋼筋混凝土造,1041030,91.17999999999999,3,2,2,有,無,3300000,36192,,0.0,0,,RPPNMLSKNHPFFAW67CA,85.05,0.0,0.0,
金湖鎮,土地,新市段1~30地號,756.46,農,,,1090512,土地2建物0車位0,,,其他,,,,0.0,0,0,0,有,無,15129200,20000,,0.0,0,包含公共設施保留地之交易。;,RPPNMLPKNHPFFAW47DA,0.0,0.0,0.0,
金湖鎮,房地(土地+建物),金門縣金湖鎮山外31~60號,120.0,其他,,,1090429,土地1建物1車位0,一層,一層,其他,住家用,見其他登記事項,0450701,89.58,3,2,1,有,無,5680000,63407,,0.0,0,,RPTNMLPLNHPFFAW87CA,85.69,0.0,3.89,
金湖鎮,房地(土地+建物),金門縣金湖鎮中興路31~60號,38.01,商,,,1090511,土地4建物1車位0,一層，二層，三層,三層,店面(店鋪),住商用,鋼筋混凝土造,0591215,107.97,4,2,2,有,無,7500000,69464,,0.0,0,,RPPNMLPLNHPFFAW47CA,107.97,0.0,0.0,
金湖鎮,房地(土地+建物),金門縣金湖鎮市港三路121~150號,17.23,住,,,1090513,土地1建物1車位0,四層,七層,華廈(10層含以下有電梯),見其他登記事項,鋼筋混凝土造,1050617,89.99000000000001,2,2,1,有,無,6000000,66674,,0.0,0,土地及建物分次登記案件。前案土地登記收件字號：;,RPRNMLTKNHPFFAW97CA,56.0,4.79,3.8,
金湖鎮,土地,湖前段601~630地號,183.74,住,,,1090506,土地1建物0車位0,,,其他,,,,0.0,0,0,0,有,無,9550000,51976,,0.0,0,,RPPNMLPJOHPFFAW37CA,0.0,0.0,0.0,
金湖鎮,房地(土地+建物),金門縣金湖鎮后園31~60號,83.3,其他,,,1090505,土地1建物1車位0,全,三層,透天厝,見其他登記事項,鋼筋混凝土造,0981019,141.75,4,2,4,有,無,8380000,59118,,0.0,0,,RPRNMLLLNHPFFAW27CA,141.75,0.0,0.0,
金沙鎮,房地(土地+建物),金門縣金沙鎮新前墩1~30號,201.88,其他,,,1090331,土地2建物1車位0,全,一層,透天厝,住家用,見其他登記事項,0570701,81.65,2,1,1,有,無,5700000,69810,,0.0,0,,RPQNMLPLNHPFFAW57CA,77.17,0.0,4.48,
金寧鄉,土地,寧湖二劃測段181~210地號,1347.04,農,,,1090513,土地2建物0車位0,,,其他,,,,0.0,0,0,0,有,無,9000000,6681,,0.0,0,,RPRNMLPLNHPFFAW67CA,0.0,0.0,0.0,
金湖鎮,房地(土地+建物),金門縣金湖鎮塔后301~330號,48.06,其他,,,1090416,土地1建物1車位0,三層,四層,華廈(10層含以下有電梯),見其他登記事項,鋼筋混凝土造,1081002,111.85,3,2,2,有,無,6450000,57667,,0.0,0,,RPSNMLPLNHPFFAW77CA,80.85,0.0,7.59,
金沙鎮,土地,沙溪一劃段121~150地號,902.09,農,,,1090511,土地1建物0車位0,,,其他,,,,0.0,0,0,0,有,無,3900000,4323,,0.0,0,,RPUNMLPLNHPFFAW97CA,0.0,0.0,0.0,
金城鎮,土地,旗牌段181~210地號,1083.0,農,,,1090512,土地1建物0車位0,,,其他,,,,0.0,0,0,0,有,無,10500000,9695,,0.0,0,,RPPNMLQLNHPFFAW57CA,0.0,0.0,0.0,
金城鎮,土地,北一段361~390地號,500.55,農,,,1090512,土地1建物0車位0,,,其他,,,,0.0,0,0,0,有,無,6000000,11987,,0.0,0,,RPQNMLQLNHPFFAW67CA,0.0,0.0,0.0,
金寧鄉,土地,寧安四劃段331~360地號,1506.0,農,,,1090506,土地3建物0車位0,,,其他,,,,0.0,0,0,0,有,無,4350000,2888,,0.0,0,親友、員工或其他特殊關係間之交易。;受債權債務影響或債務抵償之交易。;,RPQNMLSLNHPFFAW87CA,0.0,0.0,0.0,
金寧鄉,房地(土地+建物)+車位,金門縣金寧鄉湖下211~240號,61.96,其他,,,1090509,土地2建物1車位1,三層,三層,公寓(5樓含以下無電梯),見其他登記事項,鋼筋混凝土造,1061101,146.54999999999998,3,2,2,有,無,5100000,34800,坡道平面,12.3,0,,RPPNMLSLNHPFFAW77CA,79.81,0.0,11.01,
金沙鎮,房地(土地+建物),金門縣金寧鄉頂埔下91~120號,1245.82,其他,,,1090520,土地5建物1車位0,一層，二層，三層,三層,其他,見其他登記事項,鋼筋混凝土造,1040401,169.41,4,2,4,有,無,13000000,76737,,0.0,0,集村農舍,RPRNMLQLNHPFFAW77CA,166.41,0.0,3.0,
金城鎮,房地(土地+建物),金門縣金城鎮東沙1~30號,52.08,其他,,,1090505,土地1建物1車位0,二層,三層,公寓(5樓含以下無電梯),見其他登記事項,鋼筋混凝土造,1060410,93.6,2,2,2,有,無,4800000,51282,,0.0,0,,RPPNMLRLNHPFFAW67CA,81.19,0.0,0.0,
金城鎮,土地,歐厝段1~30地號,351.36,農,,,1090518,土地1建物0車位0,,,其他,,,,0.0,0,0,0,有,無,2000000,5692,,0.0,0,,RPQNMLOJOHPFFAW37CA,0.0,0.0,0.0,
金城鎮,土地,中一段391~420地號,817.97,農,,,1090519,土地3建物0車位0,,,其他,,,,0.0,0,0,0,有,無,10715407,13100,,0.0,0,,RPPNMLLJOHPFFAW96CA,0.0,0.0,0.0,
金城鎮,土地,中一段391~420地號,413.52,農,,,1090519,土地3建物0車位0,,,其他,,,,0.0,0,0,0,有,無,5417112,13100,,0.0,0,,RPQNMLLJOHPFFAW07CA,0.0,0.0,0.0,
金寧鄉,房地(土地+建物),金門縣金寧鄉頂林路781~810號,1000.03,農,,,1090526,土地1建物1車位0,一層，二層，屋頂突出物,二層,農舍,農舍,鋼筋混凝土造,1010809,218.01,20,0,20,有,無,11200000,,,0.0,0,,RPQNMLTLNHPFFAW97CA,201.42,0.0,16.59,
金城鎮,房地(土地+建物),金門縣金城鎮金門城1~30號,31.92,其他,,,1090523,土地1建物1車位0,一層,三層,公寓(5樓含以下無電梯),見其他登記事項,鋼筋混凝土造,1040216,60.15,2,1,2,有,無,3800000,63175,,0.0,0,,RPTNMLPJOHPFFAW77CA,51.45,0.0,4.35,
金城鎮,土地,祥瑞段301~330地號,1.09,住,,,1090521,土地1建物0車位0,,,其他,,,,0.0,0,0,0,有,無,150000,137615,,0.0,0,畸零地或有合併使用之交易。;,RPPNMLMJOHPFFAW17DA,0.0,0.0,0.0,
烈嶼鄉,土地,沙溪測段1~30地號,592.68,農,,,1090601,土地1建物0車位0,,,其他,,,,0.0,0,0,0,有,無,1200000,2025,,0.0,0,,RPXNMLPJOHPFFAW28DA,0.0,0.0,0.0,
金寧鄉,土地,寧湖三劃段721~750地號,453.75,其他,,,1090527,土地1建物0車位0,,,其他,,,,0.0,0,0,0,有,無,4990000,10997,,0.0,0,,RPRNMLPJOHPFFAW57CA,0.0,0.0,0.0,
金湖鎮,房地(土地+建物),金門縣金湖鎮東村1~30號,77.86,其他,,,1090526,土地1建物1車位0,全,三層,透天厝,住家用,鋼筋混凝土造,1040804,144.34,4,2,3,有,無,7000000,48497,,0.0,0,土地及建物分次登記案件。前案土地登記收件字號：;,RPQNMLNJOHPFFAW27CA,141.79,0.0,2.55,
金湖鎮,房地(土地+建物),金門縣金湖鎮赤東路61~90號,49.56,住,,,1090525,土地1建物1車位0,四層,七層,華廈(10層含以下有電梯),見其他登記事項,鋼筋混凝土造,1090224,209.17000000000002,4,2,2,有,無,12000000,57370,,0.0,0,,RPRNMLNJOHPFFAW37CA,116.64,2.43,24.96,
金城鎮,土地,祥和段91~120地號,435.92,其他,,,1090524,土地3建物0車位0,,,其他,,,,0.0,0,0,0,有,無,3000000,6882,,0.0,0,,RPPNMLOJOHPFFAW27CA,0.0,0.0,0.0,
金沙鎮,土地,蔡厝劃測段271~300地號,1046.49,農,,,1090525,土地1建物0車位0,,,其他,,,,0.0,0,0,0,有,無,3200000,3058,,0.0,0,急買急賣。;,RPUNMLKKOHPFFAW47CA,0.0,0.0,0.0,
金城鎮,房地(土地+建物),金門縣金城鎮小古崗1~30號,57.97,住,,,1090519,土地1建物1車位0,一層,三層,公寓(5樓含以下無電梯),見其他登記事項,鋼筋混凝土造,1060306,86.24,3,2,2,有,無,5700000,66095,,0.0,0,,RPPNMLSKOHPFFAW77CA,79.28,0.0,0.0,
金城鎮,土地,中一段361~390地號,249.65,住,,,1090507,土地3建物0車位0,,,其他,,,,0.0,0,0,0,有,無,7375000,29541,,0.0,0,,RPXNMLKKOHPFFAW77CA,0.0,0.0,0.0,
金城鎮,房地(土地+建物),金門縣金城鎮民權路181~210號,21.12,住,,,1090526,土地1建物1車位0,四層,七層,華廈(10層含以下有電梯),見其他登記事項,鋼筋混凝土造,1071106,98.25,1,1,2,有,無,7500000,76336,,0.0,0,,RPQNMLTLOHPFFAW08CA,62.67,0.0,6.89,
金寧鄉,房地(土地+建物),金門縣金寧鄉環島西路二段901巷1弄31~60號,54.1,其他,,,1090505,土地1建物1車位0,二層,三層,公寓(5樓含以下無電梯),見其他登記事項,鋼筋混凝土造,1070919,114.85000000000001,3,1,4,有,無,5500000,47889,,0.0,0,,RPSNMLPJOHPFFAW67CA,86.82,0.0,8.55,
金寧鄉,土地,北二三劃測段361~390地號,500.01,農,,,1090521,土地1建物0車位0,,,其他,,,,0.0,0,0,0,有,無,2800000,5600,,0.0,0,,RPVNMLPJOHPFFAW97CA,0.0,0.0,0.0,
金城鎮,土地,中一段361~390地號,249.65,住,,,1090507,土地3建物0車位0,,,其他,,,,0.0,0,0,0,有,無,7375000,29541,,0.0,0,,RPOOMLKKOHPFFAW96CA,0.0,0.0,0.0,
金城鎮,土地,中一段361~390地號,249.65,住,,,1090507,土地3建物0車位0,,,其他,,,,0.0,0,0,0,有,無,7375000,29541,,0.0,0,,RPPOMLKKOHPFFAW07CA,0.0,0.0,0.0,
金城鎮,土地,中一段361~390地號,249.65,住,,,1090507,土地3建物0車位0,,,其他,,,,0.0,0,0,0,有,無,7375000,29541,,0.0,0,,RPQOMLKKOHPFFAW17CA,0.0,0.0,0.0,
金寧鄉,土地,湖下村測段61~90地號,163.23,住,,,1090602,土地1建物0車位0,,,其他,,,,0.0,0,0,0,有,無,3200000,19604,,0.0,0,,RPSOMLKKOHPFFAW37CA,0.0,0.0,0.0,
金城鎮,土地,烏土段541~570地號,674.0,農,,,1090527,土地1建物0車位0,,,其他,,,,0.0,0,0,0,有,無,4800000,7122,,0.0,0,,RPVNMLKKOHPFFAW57CA,0.0,0.0,0.0,
金寧鄉,土地,寧安二劃段211~240地號,420.7,農,,,1090526,土地1建物0車位0,,,其他,,,,0.0,0,0,0,有,無,1900000,4516,,0.0,0,,RPPNMLTJOHPFFAW77CA,0.0,0.0,0.0,
金寧鄉,房地(土地+建物),金門縣金寧鄉頂堡1~30號,31.86,其他,,,1090519,土地1建物1車位0,,,公寓(5樓含以下無電梯),,,,47.31,1,1,1,有,無,3850000,81378,,0.0,0,,RPQNMLTJOHPFFAW87CA,37.49,0.0,4.3,
金城鎮,土地,水頭段781~810地號,1272.16,其他,,,1090604,土地3建物0車位0,,,其他,,,,0.0,0,0,0,有,無,1450000,1140,,0.0,0,,RPSNMLTJOHPFFAW08CA,0.0,0.0,0.0,
金城鎮,土地,延平段751~780地號,984.88,農,,,1090525,土地1建物0車位0,,,其他,,,,0.0,0,0,0,有,無,9060000,9199,,0.0,0,,RPTNMLTJOHPFFAW18CA,0.0,0.0,0.0,
金湖鎮,房地(土地+建物),金門縣金湖鎮赤東路61~90號,49.56,住,,,1090605,土地1建物1車位0,五層,七層,華廈(10層含以下有電梯),見其他登記事項,鋼筋混凝土造,1090224,209.17000000000002,4,2,2,有,無,12500000,59760,,0.0,0,,RPROMLKKOHPFFAW27CA,116.64,2.43,24.96,
金寧鄉,房地(土地+建物),金門縣金寧鄉埔後181~210號,81.46,其他,,,1090519,土地2建物1車位0,全,三層,透天厝,住家用,鋼筋混凝土造,1001115,164.23,5,2,5,有,無,11300000,68806,,0.0,0,,RPTNMLKKOHPFFAW47DA,158.67,0.0,5.56,
金城鎮,土地,賢厝段691~720地號,2692.0,農,,,1090601,土地4建物0車位0,,,其他,,,,0.0,0,0,0,有,無,2400000,892,,0.0,0,本約土地均為沒有通路之農地,RPTOMLKKOHPFFAW47CA,0.0,0.0,0.0,
金城鎮,房地(土地+建物),金門縣金城鎮民權路61~90號,69.58,商,,,1090527,土地1建物1車位0,一層，二層，三層，騎樓,三層,店面(店鋪),見其他登記事項,鋼筋混凝土造,0560101,200.18,4,3,3,有,無,4700000,23479,,0.0,0,親友、員工或其他特殊關係間之交易。;,RPRNMLPKOHPFFAW67CA,192.21,0.0,7.97,
金寧鄉,土地,北二三劃測段421~450地號,945.09,農,,,1090526,土地1建物0車位0,,,其他,,,,0.0,0,0,0,有,無,4200000,4444,,0.0,0,,RPPNMLQKOHPFFAW57CA,0.0,0.0,0.0,
金沙鎮,土地,浦邊測段601~630地號,936.16,其他,,,1090611,土地1建物0車位0,,,其他,,,,0.0,0,0,0,有,無,1280000,1367,,0.0,0,,RPSNMLPKOHPFFAW87DA,0.0,0.0,0.0,
金沙鎮,土地,浦邊段1141~1170地號,77.0,其他,,,1090612,土地1建物0車位0,,,其他,,,,0.0,0,0,0,有,無,900000,11688,,0.0,0,,RPQNMLQKOHPFFAW77DA,0.0,0.0,0.0,
金城鎮,土地,祥瑞段721~750地號,214.49,其他,,,1090611,土地8建物0車位0,,,其他,,,,0.0,0,0,0,有,無,6400000,29838,,0.0,0,,RPSNMLQKOHPFFAW87CA,0.0,0.0,0.0,
金沙鎮,土地,榮湖段481~510地號,144.56,農,,,1090604,土地2建物0車位0,,,其他,,,,0.0,0,0,0,有,無,360000,2490,,0.0,0,,RPQNMLRKOHPFFAW77CA,0.0,0.0,0.0,
金城鎮,房地(土地+建物),金門縣金城鎮珠浦南路50巷3弄1~30號,113.36,住,,,1090603,土地1建物1車位0,全,一層,透天厝,住家用,見其他登記事項,0010101,84.73,4,2,1,有,無,5250000,61962,,0.0,0,,RPRNMLMLOHPFFAW47CA,81.22,0.0,3.51,
金城鎮,房地(土地+建物)+車位,金門縣金城鎮民權路226巷2弄1~30號,30.92,住,,,1090512,土地2建物1車位1,九層,十一層,住宅大樓(11層含以上有電梯),見其他登記事項,鋼筋混凝土造,1051104,196.35,4,2,2,有,有,16700000,97972,坡道平面,36.1,1000000,,RPUNMLOLOHPFFAW97CA,107.7,0.0,11.33,
烈嶼鄉,土地,前埔測段1051~1080地號,94.77,其他,,,1090601,土地1建物0車位0,,,其他,,,,0.0,0,0,0,有,無,1500000,15828,,0.0,0,,RPQNMLNLOHPFFAW47CA,0.0,0.0,0.0,
金城鎮,房地(土地+建物)+車位,金門縣金城鎮民權路226巷2弄1~30號,24.71,住,,,1090518,土地2建物1車位1,四層,十一層,住宅大樓(11層含以上有電梯),見其他登記事項,鋼筋混凝土造,1051104,164.26999999999998,3,2,2,有,有,12100000,86604,坡道平面,36.1,1000000,,RPROMLNLOHPFFAW67CA,87.72,0.0,7.5,
金城鎮,房地(土地+建物)+車位,金門縣金城鎮民權路226巷2弄1~30號,24.71,住,,,1090521,土地2建物1車位1,七層,十一層,住宅大樓(11層含以上有電梯),見其他登記事項,鋼筋混凝土造,1051104,164.26999999999998,3,2,2,有,有,13550000,97917,坡道平面,36.1,1000000,,RPSOMLNLOHPFFAW77CA,87.72,0.0,7.5,
金寧鄉,土地,寧湖二劃測段481~510地號,315.86,農,,,1090615,土地1建物0車位0,,,其他,,,,0.0,0,0,0,有,無,2300000,7282,,0.0,0,,RPPNMLRKOHPFFAW77DA,0.0,0.0,0.0,
金湖鎮,房地(土地+建物),金門縣金湖鎮尚義121~150號,38.86,其他,,,1090525,土地2建物1車位0,二層,三層,華廈(10層含以下有電梯),見其他登記事項,鋼筋混凝土造,1080625,73.97999999999999,2,1,2,有,有,4000000,54069,,0.0,0,,RPSNMLSKOHPFFAW18DA,50.25,0.0,3.62,
金城鎮,土地,鳳翔段181~210地號,43.33,其他,,,1081205,土地2建物0車位0,,,其他,,,,0.0,0,0,0,有,無,1975848,45600,,0.0,0,政府向民眾價購案,RPTNMLSJPHPFFAW28DA,0.0,0.0,0.0,
金湖鎮,房地(土地+建物),金門縣金湖鎮夏興61~90號,19.16,其他,,,1090605,土地1建物1車位0,三層,三層,公寓(5樓含以下無電梯),見其他登記事項,鋼筋混凝土造,1041125,35.28,0,0,0,無,無,1600000,45351,,0.0,0,,RPXNMLMLOHPFFAW08CA,28.07,0.0,3.07,
金城鎮,房地(土地+建物),金門縣金城鎮浴井31~60號,48.71,其他,,,1090608,土地1建物1車位0,四層,五層,華廈(10層含以下有電梯),見其他登記事項,鋼筋混凝土造,1081119,100.08000000000001,3,2,2,有,無,6100000,60951,,0.0,0,,RPRNMLSKOHPFFAW97CA,80.02,0.0,6.49,
金沙鎮,土地,官澳測段181~210地號,685.72,其他,,,1090605,土地1建物0車位0,,,其他,,,,0.0,0,0,0,有,無,550000,802,,0.0,0,,RPTNMLSKOHPFFAW18CA,0.0,0.0,0.0,
金湖鎮,土地,庵邊段1~30地號,426.0,其他,,,1090601,土地1建物0車位0,,,其他,,,,0.0,0,0,0,有,無,2982000,7000,,0.0,0,,RPPNMLTKOHPFFAW87CA,0.0,0.0,0.0,
金城鎮,土地,蜈蚣山段31~60地號,90.26,其他,,,1090603,土地1建物0車位0,,,其他,,,,0.0,0,0,0,有,無,500000,5540,,0.0,0,,RPQNMLSKOHPFFAW87CA,0.0,0.0,0.0,
金城鎮,房地(土地+建物),金門縣金城鎮金門城181~210號,41.44,其他,,,1090530,土地1建物1車位0,一層,五層,華廈(10層含以下有電梯),見其他登記事項,鋼筋混凝土造,1080424,92.48,2,1,2,有,無,5000000,54066,,0.0,0,買方負擔增值稅NTD53454,RPPNMLTLOHPFFAW97CA,70.66,0.0,9.48,
金寧鄉,房地(土地+建物),金門縣金寧鄉頂堡91~120號,52.89,其他,,,1090608,土地2建物1車位0,三層,三層,公寓(5樓含以下無電梯),見其他登記事項,鋼筋混凝土造,1060505,117.77,3,2,2,有,無,6300000,53494,,0.0,0,,RPRNMLKLOHPFFAW27CA,87.44,0.0,5.42,
金城鎮,土地,城隍廟段151~180地號,71.84,住,,,1090614,土地4建物0車位0,,,其他,,,,0.0,0,0,0,有,無,3500000,48719,,0.0,0,,RPSNMLKLOHPFFAW37CA,0.0,0.0,0.0,
金湖鎮,房地(土地+建物),金門縣金湖鎮環島南路五段571~600號,28.2,其他,,,1090526,土地1建物1車位0,三層,四層,華廈(10層含以下有電梯),見其他登記事項,鋼筋混凝土造,1081129,76.81,2,1,2,有,無,4000000,52077,,0.0,0,土地及建物分次登記案件。前案土地登記收件字號：;,RPRNMLMLPHPFFAW57CA,52.0,0.0,4.76,
金湖鎮,土地,中四劃段1~30地號,663.0,農,,,1090515,土地2建物0車位0,,,其他,,,,0.0,0,0,0,有,無,5000000,7541,,0.0,0,,RPQNMLMLOHPFFAW47DA,0.0,0.0,0.0,
金湖鎮,房地(土地+建物),金門縣金湖鎮赤東路61~90號,49.56,住,,,1090608,土地1建物1車位0,三層,七層,華廈(10層含以下有電梯),見其他登記事項,鋼筋混凝土造,1090224,209.17000000000002,4,2,2,有,無,12350000,59043,,0.0,0,,RPTNMLKLOHPFFAW47CA,116.64,2.43,24.96,
金城鎮,土地,祥豐段31~60地號,53.05,住,,,1090511,土地1建物0車位0,,,其他,,,,0.0,0,0,0,有,無,4200000,79171,,0.0,0,,RPPNMLMLOHPFFAW27CA,0.0,0.0,0.0,
金城鎮,房地(土地+建物),金門縣金城鎮林湖路271~300號,95.44,其他,,,1090604,土地1建物1車位0,全,三層,透天厝,住家用,鋼筋混凝土造,1060619,182.42,4,2,5,有,無,10800000,59204,,0.0,0,,RPTNMLMLOHPFFAW67CA,177.74,0.0,4.68,
金城鎮,土地,旗牌段151~180地號,1675.07,農,,,1090601,土地3建物0車位0,,,其他,,,,0.0,0,0,0,有,無,8830000,5271,,0.0,0,,RPRNMLTLOHPFFAW18CA,0.0,0.0,0.0,
金寧鄉,土地,慈湖段91~120地號,487.47,其他,,,1090603,土地1建物0車位0,,,其他,,,,0.0,0,0,0,有,無,1550000,3180,,0.0,0,,RPWNMLKMOHPFFAW87CA,0.0,0.0,0.0,
金寧鄉,土地,青山段721~750地號,970.86,農,,,1090525,土地1建物0車位0,,,其他,,,,0.0,0,0,0,有,無,1165000,1200,,0.0,0,,RPQNMLOLOHPFFAW57CA,0.0,0.0,0.0,
金沙鎮,土地,官澳測段511~540地號,476.92,其他,,,1090618,土地1建物0車位0,,,其他,,,,0.0,0,0,0,有,無,330000,692,,0.0,0,,RPRNMLOLOHPFFAW77DA,0.0,0.0,0.0,
金湖鎮,土地,漁村段121~150地號,248.29,其他,,,1090603,土地1建物0車位0,,,其他,,,,0.0,0,0,0,有,無,300000,1208,,0.0,0,,RPSNMLOLOHPFFAW87DA,0.0,0.0,0.0,
金城鎮,房地(土地+建物)+車位,金門縣金城鎮民權路226巷2弄1~30號,31.06,住,,,1090526,土地2建物1車位1,八層,十一層,住宅大樓(11層含以上有電梯),見其他登記事項,鋼筋混凝土造,1051104,192.3,4,2,2,有,有,16800000,98070,坡道平面,31.19,1000000,,RPVNMLQKPHPFFAW28CA,108.33,0.0,11.36,
烈嶼鄉,土地,西方段181~210地號,789.19,住,,,1090608,土地2建物0車位0,,,其他,,,,0.0,0,0,0,有,無,5600000,7096,,0.0,0,,RPSNMLTLOHPFFAW28CA,0.0,0.0,0.0,
烈嶼鄉,土地,西方劃測段691~720地號,575.0,農,,,1090622,土地1建物0車位0,,,其他,,,,0.0,0,0,0,有,無,2400000,4174,,0.0,0,,RPRNMLLJPHPFFAW37DA,0.0,0.0,0.0,
金湖鎮,房地(土地+建物),金門縣金湖鎮塔后121~150號,128.14,其他,,,1090611,土地1建物1車位0,全,二層,透天厝,住家用,鋼筋混凝土加強磚造,0820630,202.08,2,1,2,有,無,7000000,34640,,0.0,0,親友、員工或其他特殊關係間之交易。;含增建或未登記建物。;,RPVNMLQJPHPFFAW18CA,202.08,0.0,0.0,
金城鎮,房地(土地+建物),金門縣金城鎮頂埔下91~120號,1562.98,其他,,,1090519,土地7建物1車位0,一層，二層，三層,三層,農舍,見其他登記事項,鋼筋混凝土造,1030123,276.71,9,2,9,有,無,14500000,,,0.0,0,,RPTNMLQJPHPFFAW08DA,250.64,0.0,26.07,
金寧鄉,土地,湖南村測段1~30地號,91.27,其他,,,1090629,土地2建物0車位0,,,其他,,,,0.0,0,0,0,有,無,2500000,27391,,0.0,0,,RPPOMLMJPHPFFAW37DA,0.0,0.0,0.0,
金湖鎮,土地,北五劃段481~510地號,953.0,其他,,,1090619,土地1建物0車位0,,,其他,,,,0.0,0,0,0,有,無,3800000,3987,,0.0,0,,RPRNMLQJPHPFFAW77CA,0.0,0.0,0.0,
金湖鎮,土地,陳坑段421~450地號,215.81,住,,,1090623,土地1建物0車位0,,,其他,,,,0.0,0,0,0,有,無,1700000,7877,,0.0,0,,RPSNMLLJPHPFFAW37CA,0.0,0.0,0.0,
金寧鄉,房地(土地+建物),金門縣金寧鄉安岐211~240號,65.72,其他,,,1090604,土地2建物1車位0,二層,三層,公寓(5樓含以下無電梯),見其他登記事項,鋼筋混凝土造,1060525,91.57000000000001,3,2,2,有,無,6000000,65524,,0.0,0,土地及建物分次登記案件。前案土地登記收件字號：;,RPQOMLMJPHPFFAW37CA,80.48,0.0,4.28,
金寧鄉,土地,機場段361~390地號,754.54,農,,,1090608,土地1建物0車位0,,,其他,,,,0.0,0,0,0,有,無,4800000,6361,,0.0,0,,RPTNMLNJPHPFFAW67CA,0.0,0.0,0.0,
金湖鎮,房地(土地+建物),金門縣金湖鎮塔后481~510號,33.8,其他,,,1090610,土地1建物1車位0,一層，地下一層,三層,華廈(10層含以下有電梯),見其他登記事項,鋼筋混凝土造,1060627,61.870000000000005,2,1,1,有,無,3500000,56570,,0.0,0,土地及建物分次登記案件。前案土地登記收件字號：;,RPVOMLQJPHPFFAW28CA,53.17,0.0,0.0,
金湖鎮,房地(土地+建物),市港五路151~180號,15.72,住,,,1090610,土地1建物1車位0,九層,九層,華廈(10層含以下有電梯),見其他登記事項,鋼筋混凝土造,1051123,100.71000000000001,2,2,1,有,有,7480000,74273,,0.0,0,預售屋、或土地及建物分次登記案件;,RPQNMLLJPHPFFAW37EA,58.56,3.16,6.72,有
金沙鎮,土地,高坑劃測段271~300地號,658.38,農,,,1090630,土地1建物0車位0,,,其他,,,,0.0,0,0,0,有,無,3300000,5012,,0.0,0,,RPUNMLLJPHPFFAW77EA,0.0,0.0,0.0,無
金沙鎮,土地,高坑劃測段811~840地號,945.03,農,,,1090630,土地1建物0車位0,,,其他,,,,0.0,0,0,0,有,無,4700000,4973,,0.0,0,,RPVNMLLJPHPFFAW87EA,0.0,0.0,0.0,無
金寧鄉,房地(土地+建物),湖下31~60號,52.43,其他,,,1071215,土地1建物1車位0,三層,三層,公寓(5樓含以下無電梯),見其他登記事項,鋼筋混凝土造,1080805,96.17,3,2,2,有,無,6000000,62390,,0.0,0,,RPRNMLNJPHPFFAW67EA,82.89,0.0,6.14,無
金沙鎮,土地,高坑劃測段781~810地號,850.0,農,,,1090630,土地1建物0車位0,,,其他,,,,0.0,0,0,0,有,無,4300000,5059,,0.0,0,,RPQNMLQJPHPFFAW87EA,0.0,0.0,0.0,無
金沙鎮,土地,沙港劃段1231~1260地號,407.21,農,,,1090607,土地1建物0車位0,,,其他,,,,0.0,0,0,0,有,無,1900000,4666,,0.0,0,,RPSNMLQJPHPFFAW08EA,0.0,0.0,0.0,無
金寧鄉,房地(土地+建物),湖下31~60號,32.6,其他,,,1090618,土地1建物1車位0,三層,三層,公寓(5樓含以下無電梯),見其他登記事項,鋼筋混凝土造,1080805,59.87,2,1,1,有,無,3950000,65976,,0.0,0,,RPSNMLNJPHPFFAW77EA,51.14,0.0,4.29,無
烈嶼鄉,土地,褔上山測段31~60地號,607.61,農,,,1090623,土地4建物0車位0,,,其他,,,,0.0,0,0,0,有,無,1000000,1646,,0.0,0,本買賣標的均無通路,RPPNMLQJPHPFFAW77EA,0.0,0.0,0.0,無
金城鎮,土地,古崗段421~450地號,499.48,其他,,,1090622,土地1建物0車位0,,,其他,,,,0.0,0,0,0,有,無,600000,1201,,0.0,0,,RPRNMLNJPHPFFAW57DA,0.0,0.0,0.0,無
烈嶼鄉,土地,東園劃段121~150地號,961.89,農,,,1090623,土地1建物0車位0,,,其他,,,,0.0,0,0,0,有,無,6100000,6342,,0.0,0,,RPXNMLQJPHPFFAW48DA,0.0,0.0,0.0,無
金城鎮,土地,北一段511~540地號,12.21,農,,,1090618,土地1建物0車位0,,,其他,,,,0.0,0,0,0,有,無,737539,60405,,0.0,0,,RPQNMLMJPHPFFAW37DA,0.0,0.0,0.0,無
金城鎮,土地,北一段511~540地號,16.47,,,,1090618,土地1建物0車位0,,,其他,,,,0.0,0,0,0,有,無,1007414,61167,,0.0,0,,RPRNMLMJPHPFFAW47DA,0.0,0.0,0.0,無
金城鎮,土地,北一段511~540地號,16.31,農,,,1090618,土地1建物0車位0,,,其他,,,,0.0,0,0,0,有,無,988862,60629,,0.0,0,,RPTNMLMJPHPFFAW67DA,0.0,0.0,0.0,無
金城鎮,土地,北一段511~540地號,10.65,農,,,1090618,土地1建物0車位0,,,其他,,,,0.0,0,0,0,有,無,645702,60629,,0.0,0,,RPVNMLMJPHPFFAW87DA,0.0,0.0,0.0,無
金城鎮,土地,北一段511~540地號,10.68,農,,,1090618,土地1建物0車位0,,,其他,,,,0.0,0,0,0,有,無,647520,60629,,0.0,0,,RPWNMLMJPHPFFAW97DA,0.0,0.0,0.0,無
金城鎮,土地,北一段511~540地號,11.12,農,,,1090618,土地2建物0車位0,,,其他,,,,0.0,0,0,0,有,無,671975,60429,,0.0,0,,RPXNMLMJPHPFFAW08DA,0.0,0.0,0.0,無
金沙鎮,土地,后宅測段181~210地號,1613.34,農,,,1090620,土地1建物0車位0,,,其他,,,,0.0,0,0,0,有,無,2000000,1240,,0.0,0,沒有通路的農地,RPSNMLMLOHPFFAW67DA,0.0,0.0,0.0,無
金寧鄉,土地,寧安二劃段211~240地號,500.0,農,,,1090703,土地1建物0車位0,,,其他,,,,0.0,0,0,0,有,無,3200000,6400,,0.0,0,,RPRNMLOJPHPFFAW67DA,0.0,0.0,0.0,無
金城鎮,土地,祥瑞段721~750地號,150.83,其他,,,1090703,土地8建物0車位0,,,其他,,,,0.0,0,0,0,有,無,4000000,26520,,0.0,0,包含公共設施保留地用地;,RPSNMLOJPHPFFAW77DA,0.0,0.0,0.0,無
金湖鎮,房地(土地+建物),料羅新村511~540號,168.0,其他,,,1090624,土地3建物1車位0,全,三層,透天厝,住家用,鋼筋混凝土造,1051006,208.78,5,2,4,有,無,9000000,43108,,0.0,0,,RPQNMLTJPHPFFAW08DA,196.58,0.0,12.2,無
金寧鄉,房地(土地+建物),下埔下61~90號,40.96,農,,,1090618,土地1建物1車位0,一層,三層,公寓(5樓含以下無電梯),見其他登記事項,鋼筋混凝土造,1060623,75.16,3,2,2,有,無,4600000,61203,,0.0,0,,RPQNMLSJPHPFFAW97DA,67.63,0.0,1.57,無
金城鎮,土地,莒光樓段631~660地號,81.0,其他,,,1090609,土地1建物0車位0,,,其他,,,,0.0,0,0,0,有,無,150000,1852,,0.0,0,,RPQNMLNKPHPFFAW57DA,0.0,0.0,0.0,
金湖鎮,房地(土地+建物),武德新莊自強路1~30號,51.22,商,,,1090708,土地1建物2車位0,二層,五層,華廈(10層含以下有電梯),見其他登記事項,鋼筋混凝土造,0871012,216.25,3,2,2,有,有,13000000,60116,,0.0,0,,RPUNMLSJPHPFFAW48EA,178.97,3.6,7.09,有
金寧鄉,房地(土地+建物),湖下31~60號,32.6,其他,,,1090612,土地1建物1車位0,二層,三層,公寓(5樓含以下無電梯),見其他登記事項,鋼筋混凝土造,1080805,59.87,2,1,1,有,無,3900000,65141,,0.0,0,,RPVNMLSJPHPFFAW58EA,51.14,0.0,4.29,無
金沙鎮,土地,陽宅段811~840地號,1170.58,其他,,,1090701,土地2建物0車位0,,,其他,,,,0.0,0,0,0,有,無,1400000,1196,,0.0,0,,RPPNMLKKPHPFFAW27EA,0.0,0.0,0.0,無
金湖鎮,土地,后壟段151~180地號,564.17,農,,,1090701,土地1建物0車位0,,,其他,,,,0.0,0,0,0,有,無,1915000,3394,,0.0,0,,RPQNMLKKPHPFFAW37EA,0.0,0.0,0.0,無
金寧鄉,房地(土地+建物),埔邊31~60號,60.7,其他,,,1090630,土地1建物1車位0,二層,三層,公寓(5樓含以下無電梯),見其他登記事項,鋼筋混凝土造,1021227,110.81,2,2,2,有,無,7700000,69488,,0.0,0,,RPVNMLKKPHPFFAW87EA,92.4,0.0,12.96,無
金湖鎮,土地,瓊林段331~360地號,1529.04,,,,1090702,土地2建物0車位0,,,其他,,,,0.0,0,0,0,有,無,3000000,1962,,0.0,0,,RPQNMLOJPHPFFAW57DA,0.0,0.0,0.0,無
金城鎮,房地(土地+建物),珠浦西路94巷1~30號,82.16,住,,,1090705,土地1建物1車位0,全,三層,透天厝,見其他登記事項,鋼筋混凝土造,0910201,205.89,5,3,4,有,無,12900000,62655,,0.0,0,其他增建;,RPPNMLRJPHPFFAW77DA,181.89,8.0,16.0,無
金湖鎮,土地,北五劃段571~600地號,1926.0,農,,,1090702,土地3建物0車位0,,,其他,,,,0.0,0,0,0,有,無,10000000,5192,,0.0,0,包含公共設施保留地用地;,RPUNMLQJPHPFFAW18DA,0.0,0.0,0.0,無
金寧鄉,土地,中三劃測段271~300地號,807.52,農,,,1090602,土地1建物0車位0,,,其他,,,,0.0,0,0,0,有,無,8200000,10155,,0.0,0,,RPVNMLMLOHPFFAW97DA,0.0,0.0,0.0,無
金湖鎮,房地(土地+建物),市港一路241~270號,25.47,其他,,,1090702,土地1建物1車位0,一層,三層,華廈(10層含以下有電梯),見其他登記事項,鋼筋混凝土造,1040429,57.47,2,1,1,有,有,3900000,67861,,0.0,0,夾層;,RPWNMLKKPHPFFAW87DA,36.99,3.02,3.26,有
金湖鎮,房地(土地+建物),環島南路四段541~570號,53.62,其他,,,1090607,土地1建物1車位0,一層,三層,公寓(5樓含以下無電梯),見其他登記事項,鋼筋混凝土造,1051212,101.09,1,0,1,有,無,10000000,98922,,0.0,0,,RPSNMLTJPHPFFAW38EA,92.27,0.0,0.0,無
金湖鎮,土地,湖前段211~240地號,938.09,其他,,,1090713,土地1建物0車位0,,,其他,,,,0.0,0,0,0,有,無,15000000,15990,,0.0,0,,RPPNMLPKPHPFFAW77EA,0.0,0.0,0.0,無
金寧鄉,土地,寧湖二劃測段931~960地號,631.68,農,,,1090625,土地1建物0車位0,,,其他,,,,0.0,0,0,0,有,無,3800000,6016,,0.0,0,,RPQNMLOKPHPFFAW67DA,0.0,0.0,0.0,無
金湖鎮,房地(土地+建物),武德新莊121~150號,19.19,其他,,,1090714,土地1建物1車位0,一層,五層,公寓(5樓含以下無電梯),見其他登記事項,鋼筋混凝土造,0990712,66.10000000000001,1,1,1,有,無,3280000,49622,,0.0,0,,RPWNMLPKPHPFFAW38DA,53.99,0.0,2.14,無
金湖鎮,土地,湖后劃段61~90地號,180.0,農,,,1090710,土地1建物0車位0,,,其他,,,,0.0,0,0,0,有,無,2200000,12222,,0.0,0,親友、員工、共有人或其他特殊關係間之交易;未登記建物;,RPPNMLOKPHPFFAW57DA,0.0,0.0,0.0,無
金湖鎮,房地(土地+建物),金門縣金湖鎮安民31~60號,329.14,其他,,,1080530,土地1建物1車位0,全,四層,透天厝,住家用,鋼筋混凝土造,1090115,558.92,10,3,12,有,無,31000000,55464,,0.0,0,,RPXNMLLLQHPFFAW18CA,485.77,0.0,73.15,
金城鎮,土地,小西門劃測段361~390地號,673.01,其他,,,1090702,土地1建物0車位0,,,其他,,,,0.0,0,0,0,有,無,2300000,3417,,0.0,0,,RPTNMLPKPHPFFAW08DA,0.0,0.0,0.0,無
金寧鄉,土地,東洲段661~690地號,956.84,其他,,,1090629,土地2建物0車位0,,,其他,,,,0.0,0,0,0,有,無,9400000,9824,,0.0,0,,RPUNMLPKPHPFFAW18DA,0.0,0.0,0.0,無
金湖鎮,房地(土地+建物),赤東路1~30號,17.86,其他,,,1090713,土地1建物1車位0,三層,十層,華廈(10層含以下有電梯),見其他登記事項,鋼筋混凝土造,1041201,103.53,3,2,2,有,有,6800000,65681,,0.0,0,,RPQNMLQKPHPFFAW87DA,62.05,4.43,6.0,有
金寧鄉,土地,青山段1141~1170地號,348.67,農,,,1090623,土地1建物0車位0,,,其他,,,,0.0,0,0,0,有,無,1450000,4159,,0.0,0,,RPRNMLQKPHPFFAW97DA,0.0,0.0,0.0,無
金城鎮,房地(土地+建物),民權路184巷2弄1~30號,76.32,其他,,,1090708,土地1建物1車位0,全,四層,透天厝,住家用,鋼筋混凝土造,0940711,205.19,5,2,4,有,無,14500000,70666,,0.0,0,,RPSNMLQKPHPFFAW08DA,177.98,0.0,27.21,無
金寧鄉,房地(土地+建物),西浦頭61~90號,106.72,其他,,,1090518,土地1建物1車位0,全,三層,透天厝,見其他登記事項,鋼筋混凝土造,1040430,186.21,4,2,3,有,無,8200000,44036,,0.0,0,親友、員工、共有人或其他特殊關係間之交易;,RPRNMLOKPHPFFAW77DA,178.44,0.0,7.77,無
金城鎮,土地,歐厝段1~30地號,195.51,其他,,,1090706,土地2建物0車位0,,,其他,,,,0.0,0,0,0,有,無,500000,2557,,0.0,0,,RPQNMLRKPHPFFAW97DA,0.0,0.0,0.0,無
金城鎮,土地,延平段1111~1140地號,197.07,其他,,,1090703,土地1建物0車位0,,,其他,,,,0.0,0,0,0,有,無,197070,1000,,0.0,0,親友、員工、共有人或其他特殊關係間之交易;,RPRNMLRKPHPFFAW08DA,0.0,0.0,0.0,無
金湖鎮,房地(土地+建物),小徑121~150號,49.5,其他,,,1090713,土地1建物2車位0,一層,三層,公寓(5樓含以下無電梯),見其他登記事項,鋼筋混凝土造,1061225,54.18,1,1,1,有,無,3125000,57678,,0.0,0,,RPVNMLPKPHPFFAW28DA,39.76,0.0,1.05,無
金寧鄉,土地,寧湖一劃段271~300地號,833.32,其他,,,1090707,土地1建物0車位0,,,其他,,,,0.0,0,0,0,有,無,8000000,9600,,0.0,0,,RPQPMLKLPHPFFAW57DA,0.0,0.0,0.0,無
金寧鄉,土地,東洲段151~180地號,629.3,其他,,,1090709,土地1建物0車位0,,,其他,,,,0.0,0,0,0,有,無,6350000,10091,,0.0,0,,RPTOMLKLPHPFFAW77DA,0.0,0.0,0.0,無
金沙鎮,房地(土地+建物),陽翟121~150號,105.04,其他,,,1090614,土地2建物1車位0,全,三層,透天厝,見其他登記事項,鋼筋混凝土造,1080617,155.22,4,2,3,有,無,9000000,57982,,0.0,0,其他                    ;預售屋、或土地及建物分次登記案件;,RPUNMLKLPHPFFAW87EA,144.26,0.0,10.96,無
金寧鄉,房地(土地+建物),頂堡241~270號,47.48,其他,,,1090629,土地1建物1車位0,一層,三層,公寓(5樓含以下無電梯),見其他登記事項,鋼筋混凝土造,1080418,74.10000000000001,2,1,2,有,無,4250000,57355,,0.0,0,,RPPNMLLLPHPFFAW47EA,63.27,0.0,0.0,無
金寧鄉,房地(土地+建物),下堡91~120號,15.86,其他,,,1090705,土地1建物1車位0,二層,三層,公寓(5樓含以下無電梯),見其他登記事項,鋼筋混凝土造,1031016,28.08,1,1,1,有,無,2050000,73006,,0.0,0,,RPUNMLQKPHPFFAW28DA,22.28,0.0,2.06,無
金城鎮,房地(土地+建物),小西門31~60號,58.69,其他,,,1090204,土地1建物1車位0,三層,三層,公寓(5樓含以下無電梯),見其他登記事項,鋼筋混凝土造,1070723,101.46000000000001,2,2,2,有,無,5600000,55194,,0.0,0,預售屋、或土地及建物分次登記案件;,RPSNMLPKPHPFFAW97DA,82.62,0.0,10.63,無
金城鎮,土地,水頭段1~30地號,66.92,其他,,,1090721,土地1建物0車位0,,,其他,,,,0.0,0,0,0,有,無,3100000,46324,,0.0,0,,RPRNMLLLPHPFFAW57DA,0.0,0.0,0.0,無
金城鎮,土地,北一段211~240地號,1000.52,其他,,,1090707,土地4建物0車位0,,,其他,,,,0.0,0,0,0,有,無,22000000,21989,,0.0,0,,RPSPMLKLPHPFFAW77DA,0.0,0.0,0.0,無
金城鎮,土地,旗牌段271~300地號,414.44,其他,,,1090723,土地1建物0車位0,,,其他,,,,0.0,0,0,0,有,無,12300000,29679,,0.0,0,,RPRNMLNLPHPFFAW77DA,0.0,0.0,0.0,無
金寧鄉,房地(土地+建物),東洲121~150號,67.16,,,,1090714,土地2建物1車位0,一層,三層,公寓(5樓含以下無電梯),見其他登記事項,鋼筋混凝土造,1050728,100.11,3,2,2,有,無,7480000,74718,,0.0,0,,RPPNMLNLPHPFFAW57DA,90.02,0.0,0.0,無
金湖鎮,土地,新市段1021~1050地號,56.55,其他,,,1090611,土地1建物0車位0,,,其他,,,,0.0,0,0,0,有,無,2200000,38904,,0.0,0,親友、員工或其他特殊關係間之交易。;,RPSNMLSLPHPFFAW28CA,0.0,0.0,0.0,
金城鎮,土地,水頭段1~30地號,200.75,其他,,,1090721,土地1建物0車位0,,,其他,,,,0.0,0,0,0,有,無,7800000,38854,,0.0,0,,RPSNMLLLPHPFFAW67DA,0.0,0.0,0.0,無
金城鎮,土地,水頭段1~30地號,66.92,其他,,,1090721,土地1建物0車位0,,,其他,,,,0.0,0,0,0,有,無,2600000,38852,,0.0,0,,RPPNMLLLPHPFFAW37DA,0.0,0.0,0.0,無
金沙鎮,土地,汶沙測段1381~1410地號,49.64,其他,,,1090715,土地1建物0車位0,,,其他,,,,0.0,0,0,0,有,無,1180000,23771,,0.0,0,親友、員工、共有人或其他特殊關係間之交易;未登記建物;未登記建物;,RPPNMLRLPHPFFAW08EA,0.0,0.0,0.0,無
金寧鄉,房地(土地+建物),仁愛新91~120號,110.0,其他,,,1090515,土地1建物1車位0,全,三層,透天厝,見其他登記事項,鋼筋混凝土造,0990223,190.05,5,3,5,有,無,12300000,64720,,0.0,0,,RPQNMLRLPHPFFAW18EA,174.69,0.0,15.36,無
金沙鎮,土地,官澳段1321~1350地號,111.0,其他,,,1090630,土地1建物0車位0,,,其他,,,,0.0,0,0,0,有,無,940000,8468,,0.0,0,親友、員工、共有人或其他特殊關係間之交易;未登記建物;,RPQNMLKLPHPFFAW47EA,0.0,0.0,0.0,無
金城鎮,土地,庵前劃測段1~30地號,850.0,農,,,1090720,土地1建物0車位0,,,其他,,,,0.0,0,0,0,有,無,5500000,6471,,0.0,0,,RPPNMLKLPHPFFAW27DA,0.0,0.0,0.0,無
金城鎮,土地,前水頭測段61~90地號,213.49,其他,,,1090710,土地1建物0車位0,,,其他,,,,0.0,0,0,0,有,無,2775391,13000,,0.0,0,,RPSNMLRLPHPFFAW28DA,0.0,0.0,0.0,無
金寧鄉,房地(土地+建物),安岐331~360號,55.28,其他,,,1090722,土地1建物1車位0,二層,五層,華廈(10層含以下有電梯),見其他登記事項,鋼筋混凝土造,1090428,115.13,3,2,2,有,無,5400000,46904,,0.0,0,建商與地主合建案;預售屋、或土地及建物分次登記案件;,RPTNMLRLPHPFFAW38DA,92.57,0.0,9.13,有
金寧鄉,房地(土地+建物),安岐331~360號,55.28,其他,,,1090722,土地1建物1車位0,五層,五層,華廈(10層含以下有電梯),見其他登記事項,鋼筋混凝土造,1090428,115.13,2,2,2,有,無,5700000,49509,,0.0,0,建商與地主合建案;預售屋、或土地及建物分次登記案件;,RPVNMLRLPHPFFAW58DA,92.57,0.0,9.13,有
金寧鄉,房地(土地+建物),安岐331~360號,55.28,其他,,,1090722,土地1建物1車位0,四層,五層,華廈(10層含以下有電梯),見其他登記事項,鋼筋混凝土造,1090428,115.13,3,2,2,有,無,5600000,48641,,0.0,0,建商與地主合建案;預售屋、或土地及建物分次登記案件;,RPXNMLRLPHPFFAW78DA,92.57,0.0,9.13,有
金寧鄉,房地(土地+建物),安岐331~360號,55.28,其他,,,1090722,土地1建物1車位0,五層,五層,華廈(10層含以下有電梯),見其他登記事項,鋼筋混凝土造,1090428,115.13,3,2,2,有,無,5800000,50378,,0.0,0,建商與地主合建案;預售屋、或土地及建物分次登記案件;,RPOOMLRLPHPFFAW97DA,92.57,0.0,9.13,有
金寧鄉,房地(土地+建物),安岐331~360號,55.28,其他,,,1090722,土地1建物1車位0,三層,五層,華廈(10層含以下有電梯),見其他登記事項,鋼筋混凝土造,1090428,115.13,3,2,2,有,無,5700000,49509,,0.0,0,建商與地主合建案;預售屋、或土地及建物分次登記案件;,RPPOMLRLPHPFFAW08DA,92.57,0.0,9.13,有
金寧鄉,土地,青山段721~750地號,970.86,農,,,1090713,土地1建物0車位0,,,其他,,,,0.0,0,0,0,有,無,1310000,1349,,0.0,0,,RPRNMLKMPHPFFAW57DA,0.0,0.0,0.0,無
金沙鎮,土地,汶沙測段541~570地號,130.67,其他,,,1090723,土地1建物0車位0,,,其他,,,,0.0,0,0,0,有,無,4000000,30611,,0.0,0,親友、員工、共有人或其他特殊關係間之交易;土地交易案件之價格含未來興建房屋成本;,RPSNMLKMPHPFFAW67DA,0.0,0.0,0.0,無
金城鎮,房地(土地+建物)+車位,民權路226巷2弄1~30號,24.71,其他,,,1090603,土地2建物1車位1,七層,十一層,住宅大樓(11層含以上有電梯),見其他登記事項,鋼筋混凝土造,1051104,164.26999999999998,3,2,2,有,有,13550000,97917,坡道平面,36.1,1000000,,RPPNMLSLPHPFFAW08DA,87.72,0.0,7.5,有
金湖鎮,土地,新頭段211~240地號,285.25,其他,,,1090716,土地1建物0車位0,,,其他,,,,0.0,0,0,0,有,無,650000,2279,,0.0,0,,RPTNMLTLPHPFFAW58DA,0.0,0.0,0.0,無
金寧鄉,房地(土地+建物),仁愛新91~120號,69.47,其他,,,1090701,土地2建物1車位0,二層,三層,公寓(5樓含以下無電梯),見其他登記事項,鋼筋混凝土造,0991224,119.39,3,2,3,有,無,7200000,60307,,0.0,0,,RPUNMLTLPHPFFAW68DA,104.87,2.92,4.74,無
金寧鄉,土地,安岐村測段211~240地號,101.61,,,,1090710,土地1建物0車位0,,,其他,,,,0.0,0,0,0,有,無,2000000,19683,,0.0,0,,RPQNMLKMPHPFFAW47DA,0.0,0.0,0.0,無
金寧鄉,土地,古寧頭段1081~1110地號,102.0,其他,,,1090731,土地1建物0車位0,,,其他,,,,0.0,0,0,0,有,無,1300000,12745,,0.0,0,未登記建物;,RPUNMLLMPHPFFAW97DA,0.0,0.0,0.0,無
金城鎮,房地(土地+建物),民權路181~210號,21.12,其他,,,1090628,土地1建物1車位0,四層,七層,華廈(10層含以下有電梯),見其他登記事項,鋼筋混凝土造,1071106,98.45,1,1,2,有,無,7200000,73134,,0.0,0,,RPPNMLOLPHPFFAW67DA,62.68,0.0,7.08,有
金城鎮,房地(土地+建物),民權路226巷2弄1~30號,22.78,其他,,,1090603,土地2建物1車位0,七層,十一層,住宅大樓(11層含以上有電梯),見其他登記事項,鋼筋混凝土造,1051104,118.43,3,2,2,有,有,11470000,96850,,0.0,0,,RPQNMLSLPHPFFAW18DA,80.89,0.0,7.08,有
金寧鄉,房地(土地+建物),安岐61~90號,59.67,,,,1090721,土地1建物2車位0,三層,三層,公寓(5樓含以下無電梯),見其他登記事項,鋼筋混凝土造,1080517,99.44999999999999,3,2,2,有,無,5400000,54299,,0.0,0,,RPSNMLOJQHPFFAW87DA,77.58,0.0,11.88,無
金寧鄉,房地(土地+建物),安岐271~300號,28.87,其他,,,1090728,土地1建物1車位0,三層,五層,公寓(5樓含以下無電梯),見其他登記事項,鋼筋混凝土造,1070130,74.24000000000001,2,1,2,有,無,4100000,55226,,0.0,0,,RPPNMLOJQHPFFAW57DA,59.74,0.0,6.68,無
金沙鎮,土地,汶沙測段1501~1530地號,303.61,其他,,,1090630,土地1建物0車位0,,,其他,,,,0.0,0,0,0,有,無,7225918,23800,,0.0,0,,RPUOMLPJQHPFFAW38EA,0.0,0.0,0.0,無
金寧鄉,房地(土地+建物),下埔下1~30號,95.17,其他,,,1090619,土地1建物1車位0,全,三層,透天厝,見其他登記事項,鋼筋混凝土造,1061030,153.67,4,3,3,有,無,11200000,72883,,0.0,0,,RPTNMLOJQHPFFAW08EA,147.93,0.0,5.74,無
金寧鄉,房地(土地+建物),下埔下1~30號,95.17,其他,,,1090619,土地1建物1車位0,全,三層,透天厝,見其他登記事項,鋼筋混凝土造,1061030,153.84,4,3,3,有,無,11200000,72803,,0.0,0,,RPUNMLOJQHPFFAW18EA,147.92,0.0,5.92,無
金湖鎮,土地,農試所段91~120地號,2900.9,其他,,,1090623,土地1建物0車位0,,,其他,,,,0.0,0,0,0,有,無,16000000,5516,,0.0,0,,RPOPMLKLPHPFFAW47EA,0.0,0.0,0.0,無
金城鎮,土地,庵前劃測段1~30地號,850.0,其他,,,1090804,土地1建物0車位0,,,其他,,,,0.0,0,0,0,有,無,5500000,6471,,0.0,0,,RPQNMLPJQHPFFAW77DA,0.0,0.0,0.0,無
金城鎮,土地,舊金城段391~420地號,2879.62,其他,,,1090727,土地5建物0車位0,,,其他,,,,0.0,0,0,0,有,無,7187908,2496,,0.0,0,親友、員工、共有人或其他特殊關係間之交易;,RPPNMLNJQHPFFAW47DA,0.0,0.0,0.0,無
金城鎮,土地,祥瑞段721~750地號,338.93,,,,1090728,土地1建物0車位0,,,其他,,,,0.0,0,0,0,有,無,15200000,44847,,0.0,0,包含公共設施保留地用地;,RPRNMLNJQHPFFAW67DA,0.0,0.0,0.0,無
金城鎮,房地(土地+建物),金門城61~90號,37.64,,,,1090801,土地1建物1車位0,三層,三層,公寓(5樓含以下無電梯),見其他登記事項,鋼筋混凝土造,1050509,62.51,2,1,2,有,無,4130000,66069,,0.0,0,,RPSOMLPJQHPFFAW08DA,50.13,0.0,7.08,無
金城鎮,土地,延平段721~750地號,591.17,其他,,,1090717,土地1建物0車位0,,,其他,,,,0.0,0,0,0,有,無,4197335,7100,,0.0,0,親友、員工、共有人或其他特殊關係間之交易;,RPVNMLPJQHPFFAW28DA,0.0,0.0,0.0,無
金城鎮,土地,延平段1111~1140地號,466.58,其他,,,1090717,土地1建物0車位0,,,其他,,,,0.0,0,0,0,有,無,3312704,7100,,0.0,0,親友、員工、共有人或其他特殊關係間之交易;,RPXNMLPJQHPFFAW48DA,0.0,0.0,0.0,無
金城鎮,土地,延平段1081~1110地號,318.1,其他,,,1090717,土地1建物0車位0,,,其他,,,,0.0,0,0,0,有,無,2258524,7100,,0.0,0,親友、員工、共有人或其他特殊關係間之交易;,RPOOMLPJQHPFFAW67DA,0.0,0.0,0.0,無
金城鎮,土地,后豐港段421~450地號,1750.95,其他,,,1090717,土地3建物0車位0,,,其他,,,,0.0,0,0,0,有,無,9183225,5245,,0.0,0,親友、員工、共有人或其他特殊關係間之交易;,RPPOMLPJQHPFFAW77DA,0.0,0.0,0.0,無
金城鎮,土地,延平段871~900地號,791.05,其他,,,1090717,土地2建物0車位0,,,其他,,,,0.0,0,0,0,有,無,5616426,7100,,0.0,0,親友、員工、共有人或其他特殊關係間之交易;,RPQOMLPJQHPFFAW87DA,0.0,0.0,0.0,無
金城鎮,土地,延平段1081~1110地號,766.75,其他,,,1090717,土地2建物0車位0,,,其他,,,,0.0,0,0,0,有,無,5443939,7100,,0.0,0,親友、員工、共有人或其他特殊關係間之交易;,RPROMLPJQHPFFAW97DA,0.0,0.0,0.0,無
金寧鄉,土地,盤山村測段661~690地號,108.01,,,,1090714,土地1建物0車位0,,,其他,,,,0.0,0,0,0,有,無,5220000,48329,,0.0,0,包含公共設施保留地用地;,RPQNMLOLPHPFFAW77DA,0.0,0.0,0.0,無
金寧鄉,房地(土地+建物),湖下31~60號,52.43,,,,1090710,土地1建物1車位0,二層,三層,公寓(5樓含以下無電梯),見其他登記事項,鋼筋混凝土造,1080805,96.17,3,2,2,有,無,6250000,64989,,0.0,0,,RPXNMLKKPHPFFAW97DA,82.89,0.0,6.14,無
金寧鄉,房地(土地+建物),下埔下1~30號,30.85,其他,,,1090619,土地1建物1車位0,一層,三層,公寓(5樓含以下無電梯),見其他登記事項,鋼筋混凝土造,1061030,50.080000000000005,2,1,1,有,無,4000000,79872,,0.0,0,,RPVNMLOJQHPFFAW28EA,44.7,0.0,0.0,無
金寧鄉,土地,寧湖二劃測段1141~1170地號,245.31,其他,,,1090608,土地2建物0車位0,,,其他,,,,0.0,0,0,0,有,無,1000000,4076,,0.0,0,,RPOOMLQJQHPFFAW87EA,0.0,0.0,0.0,無
金湖鎮,房地(土地+建物),市港五路121~150號,8.81,其他,,,1080729,土地1建物1車位0,八層,十層,華廈(10層含以下有電梯),見其他登記事項,鋼筋混凝土造,1090408,63.230000000000004,1,0,1,有,無,5830000,92203,,0.0,0,,RPUNMLMLPHPFFAW97DA,35.61,6.21,0.0,有
金寧鄉,房地(土地+建物)+車位,前厝31~60號,65.53,其他,,,1090728,土地1建物1車位1,二層,三層,公寓(5樓含以下無電梯),見其他登記事項,鋼筋混凝土造,1060614,165.52,3,2,2,有,無,6350000,38364,坡道平面,13.76,0,,RPPNMLQJQHPFFAW77DA,97.53,0.0,3.98,無
金寧鄉,土地,寧湖三劃段91~120地號,500.0,其他,,,1090729,土地1建物0車位0,,,其他,,,,0.0,0,0,0,有,無,3000000,6000,,0.0,0,,RPQNMLQJQHPFFAW87DA,0.0,0.0,0.0,無
金城鎮,土地,水頭段1021~1050地號,794.07,其他,,,1090804,土地1建物0車位0,,,其他,,,,0.0,0,0,0,有,無,1120000,1410,,0.0,0,,RPRNMLOJQHPFFAW77DA,0.0,0.0,0.0,無
金湖鎮,房地(土地+建物),市港五路121~150號,8.81,其他,,,1090724,土地1建物1車位0,三層,十層,華廈(10層含以下有電梯),見其他登記事項,鋼筋混凝土造,1090408,63.230000000000004,1,1,1,有,有,4800000,75913,,0.0,0,,RPTOMLPJQHPFFAW18DA,35.61,6.21,0.0,有
金城鎮,土地,延平段871~900地號,735.65,其他,,,1090717,土地1建物0車位0,,,其他,,,,0.0,0,0,0,有,無,5223100,7100,,0.0,0,親友、員工、共有人或其他特殊關係間之交易;,RPUOMLKLPHPFFAW87DA,0.0,0.0,0.0,無
金城鎮,土地,洪門港測段1~30地號,226.36,其他,,,1090717,土地1建物0車位0,,,其他,,,,0.0,0,0,0,有,無,2014604,8900,,0.0,0,親友、員工、共有人或其他特殊關係間之交易;,RPTPMLKLPHPFFAW87DA,0.0,0.0,0.0,無
金城鎮,土地,洪門港測段61~90地號,80.56,其他,,,1090717,土地1建物0車位0,,,其他,,,,0.0,0,0,0,有,無,134270,1667,,0.0,0,親友、員工、共有人或其他特殊關係間之交易;,RPUPMLKLPHPFFAW97DA,0.0,0.0,0.0,無
金城鎮,土地,延平段721~750地號,788.39,其他,,,1090717,土地1建物0車位0,,,其他,,,,0.0,0,0,0,有,無,5597583,7100,,0.0,0,親友、員工、共有人或其他特殊關係間之交易;,RPVPMLKLPHPFFAW08DA,0.0,0.0,0.0,無
金城鎮,土地,延平段781~810地號,983.03,其他,,,1090717,土地1建物0車位0,,,其他,,,,0.0,0,0,0,有,無,6999173,7120,,0.0,0,親友、員工、共有人或其他特殊關係間之交易;,RPWPMLKLPHPFFAW18DA,0.0,0.0,0.0,無
金城鎮,土地,洪門港測段1~30地號,590.43,其他,,,1090717,土地1建物0車位0,,,其他,,,,0.0,0,0,0,有,無,4192053,7100,,0.0,0,親友、員工、共有人或其他特殊關係間之交易;,RPXPMLKLPHPFFAW28DA,0.0,0.0,0.0,無
金城鎮,房地(土地+建物),金門城61~90號,38.95,其他,,,1071024,土地1建物1車位0,五層,五層,華廈(10層含以下有電梯),見其他登記事項,鋼筋混凝土造,1090423,87.29,2,2,2,有,無,5320000,60946,,0.0,0,預售屋、或土地及建物分次登記案件;,RPVNMLKMPHPFFAW97DA,67.65,0.0,8.52,有
金城鎮,房地(土地+建物),金門城61~90號,49.06,其他,,,1080315,土地1建物1車位0,二層,五層,華廈(10層含以下有電梯),見其他登記事項,鋼筋混凝土造,1090423,110.17999999999999,3,2,2,有,無,6300000,57179,,0.0,0,預售屋、或土地及建物分次登記案件;,RPXNMLKMPHPFFAW18DA,88.52,0.0,7.64,有
金城鎮,土地,延平段871~900地號,786.42,其他,,,1090717,土地1建物0車位0,,,其他,,,,0.0,0,0,0,有,無,5583610,7100,,0.0,0,親友、員工、共有人或其他特殊關係間之交易;,RPOOMLKLPHPFFAW27DA,0.0,0.0,0.0,無
金城鎮,土地,延平段871~900地號,786.3,其他,,,1090717,土地1建物0車位0,,,其他,,,,0.0,0,0,0,有,無,5582758,7100,,0.0,0,親友、員工、共有人或其他特殊關係間之交易;,RPPOMLKLPHPFFAW37DA,0.0,0.0,0.0,無
金城鎮,土地,延平段871~900地號,565.59,其他,,,1090717,土地1建物0車位0,,,其他,,,,0.0,0,0,0,有,無,4015703,7100,,0.0,0,親友、員工、共有人或其他特殊關係間之交易;,RPROMLKLPHPFFAW57DA,0.0,0.0,0.0,無
金城鎮,土地,延平段871~900地號,717.49,其他,,,1090717,土地1建物0車位0,,,其他,,,,0.0,0,0,0,有,無,5094164,7100,,0.0,0,親友、員工、共有人或其他特殊關係間之交易;,RPSOMLKLPHPFFAW67DA,0.0,0.0,0.0,無
金湖鎮,房地(土地+建物),菜市場1~30號,30.58,其他,,,1090620,土地1建物1車位0,全,二層,透天厝,住商用,鋼筋混凝土造,0520710,49.0,1,1,1,有,無,2600000,53061,,0.0,0,親友、員工、共有人或其他特殊關係間之交易;包含公共設施保留地用地;,RPUNMLNJPHPFFAW87DA,49.0,0.0,0.0,無
金城鎮,房地(土地+建物),金門城61~90號,34.8,其他,,,1080525,土地1建物1車位0,三層,五層,華廈(10層含以下有電梯),見其他登記事項,鋼筋混凝土造,1090423,77.89,2,2,2,有,無,4490000,57645,,0.0,0,預售屋、或土地及建物分次登記案件;,RPPOMLKMPHPFFAW47DA,62.76,0.0,5.19,有
金城鎮,房地(土地+建物),金門城61~90號,34.8,其他,,,1090713,土地1建物1車位0,四層,五層,華廈(10層含以下有電梯),見其他登記事項,鋼筋混凝土造,1090423,77.89,2,2,2,有,無,4650000,59700,,0.0,0,預售屋、或土地及建物分次登記案件;,RPROMLKMPHPFFAW67DA,62.76,0.0,5.19,有
金城鎮,土地,延平段871~900地號,956.61,農,,,1090717,土地1建物0車位0,,,其他,,,,0.0,0,0,0,有,無,6791931,7100,,0.0,0,親友、員工、共有人或其他特殊關係間之交易;,RPWOMLKLPHPFFAW08DA,0.0,0.0,0.0,無
金城鎮,土地,延平段931~960地號,358.72,農,,,1090717,土地1建物0車位0,,,其他,,,,0.0,0,0,0,有,無,2546912,7100,,0.0,0,親友、員工、共有人或其他特殊關係間之交易;,RPXOMLKLPHPFFAW18DA,0.0,0.0,0.0,無
金城鎮,土地,延平段961~990地號,883.42,農,,,1090717,土地1建物0車位0,,,其他,,,,0.0,0,0,0,有,無,6272310,7100,,0.0,0,親友、員工、共有人或其他特殊關係間之交易;,RPRPMLKLPHPFFAW67DA,0.0,0.0,0.0,無
金沙鎮,土地,中蘭劃測段721~750地號,857.5,其他,,,1090810,土地1建物0車位0,,,其他,,,,0.0,0,0,0,有,無,3200000,3732,,0.0,0,,RPRNMLKKQHPFFAW57EA,0.0,0.0,0.0,無
金城鎮,房地(土地+建物)+車位,民權路226巷2弄1~30號,41.27,其他,,,1090618,土地2建物2車位1,四層,十一層,住宅大樓(11層含以上有電梯),見其他登記事項,鋼筋混凝土造,1051104,250.39999999999998,3,2,2,有,有,12200000,52263,坡道平面,36.1,1000000,,RPTNMLOJQHPFFAW97DA,148.64,0.0,10.55,有
金城鎮,房地(土地+建物),民權路226巷2弄1~30號,16.56,其他,,,1090619,土地2建物1車位0,四層,十一層,住宅大樓(11層含以上有電梯),見其他登記事項,鋼筋混凝土造,1051104,86.12,2,2,1,有,有,7460000,86623,,0.0,0,,RPWNMLOJQHPFFAW28DA,60.92,0.0,3.05,有
金城鎮,土地,小西門劃測段331~360地號,398.03,其他,,,1090805,土地1建物0車位0,,,其他,,,,0.0,0,0,0,有,無,1900000,4774,,0.0,0,,RPWNMLPJQHPFFAW38DA,0.0,0.0,0.0,無
金沙鎮,房地(土地+建物),何厝31~60號,35.08,其他,,,1090810,土地1建物1車位0,三層,三層,公寓(5樓含以下無電梯),見其他登記事項,鋼筋混凝土造,1050111,67.67,3,2,2,有,無,2200000,32511,,0.0,0,親友、員工、共有人或其他特殊關係間之交易;,RPXNMLNKQHPFFAW38DA,54.5,0.0,6.0,無
金湖鎮,房地(土地+建物),塔后301~330號,48.06,其他,,,1090710,土地1建物1車位0,四層,四層,華廈(10層含以下有電梯),見其他登記事項,鋼筋混凝土造,1081002,112.36999999999999,3,2,2,有,有,6580000,58557,,0.0,0,,RPTNMLKKPHPFFAW57DA,81.27,0.0,7.69,有
金沙鎮,土地,蔡厝劃測段1~30地號,534.03,農,,,1090725,土地1建物0車位0,,,其他,,,,0.0,0,0,0,有,無,3000000,5618,,0.0,0,,RPTNMLMKQHPFFAW97EA,0.0,0.0,0.0,無
金寧鄉,土地,寧北一劃段241~270地號,978.15,農,,,1090812,土地1建物0車位0,,,其他,,,,0.0,0,0,0,有,無,3800000,3885,,0.0,0,,RPSNMLNKQHPFFAW97EA,0.0,0.0,0.0,無
金沙鎮,土地,北九十劃段121~150地號,980.58,農,,,1090629,土地1建物0車位0,,,其他,,,,0.0,0,0,0,有,無,3500000,3569,,0.0,0,,RPWNMLNKQHPFFAW38EA,0.0,0.0,0.0,無
金湖鎮,房地(土地+建物),武德新莊151~180號,77.77,其他,,,1090703,土地1建物1車位0,全,四層,透天厝,住家用,鋼筋混凝土造,0890930,204.89,5,3,3,有,無,13000000,63449,,0.0,0,其他增建;,RPRNMLRJPHPFFAW97DA,182.71,5.13,17.05,無
金城鎮,房地(土地+建物),民權路184巷6弄1~30號,33.32,其他,,,1090812,土地2建物1車位0,五層，見其他登記事項,五層,華廈(10層含以下有電梯),見其他登記事項,鋼筋混凝土造,0971029,147.85,3,2,3,有,有,11200000,75752,,0.0,0,,RPSNMLMKQHPFFAW77DA,110.08,11.1,9.88,有
金湖鎮,房地(土地+建物),市港五路151~180號,10.8,其他,,,1070504,土地1建物1車位0,十層，見其他登記事項,十層,華廈(10層含以下有電梯),見其他登記事項,鋼筋混凝土造,1090408,75.8,1,1,1,有,有,5650000,74538,,0.0,0,,RPRNMLQJQHPFFAW97DA,49.54,0.0,0.0,有
金城鎮,房地(土地+建物),庵前1~30號,34.5,其他,,,1090702,土地1建物1車位0,二層,三層,公寓(5樓含以下無電梯),見其他登記事項,鋼筋混凝土造,1060630,64.72,2,1,1,有,無,4200000,64895,,0.0,0,,RPQOMLRLPHPFFAW18DA,57.31,0.0,1.71,無
金湖鎮,房地(土地+建物),市港五路151~180號,8.98,其他,,,1070504,土地1建物1車位0,十層，見其他登記事項,十層,華廈(10層含以下有電梯),見其他登記事項,鋼筋混凝土造,1090408,62.690000000000005,1,1,1,有,有,5650000,90126,,0.0,0,,RPSNMLQJQHPFFAW08DA,40.84,0.0,0.0,有
金湖鎮,房地(土地+建物),市港五路151~180號,8.59,其他,,,1070504,土地1建物1車位0,十層，見其他登記事項,十層,華廈(10層含以下有電梯),見其他登記事項,鋼筋混凝土造,1090408,59.89,1,1,1,有,有,5600000,93505,,0.0,0,,RPTNMLQJQHPFFAW18DA,39.0,0.0,0.0,有
金湖鎮,房地(土地+建物),市港五路151~180號,7.93,其他,,,1070504,土地1建物1車位0,十層，見其他登記事項,十層,華廈(10層含以下有電梯),見其他登記事項,鋼筋混凝土造,1090408,55.21,1,1,1,有,有,5600000,101431,,0.0,0,,RPUNMLQJQHPFFAW28DA,35.96,0.0,0.0,有
金沙鎮,土地,后宅測段181~210地號,1613.34,其他,,,1090805,土地1建物0車位0,,,其他,,,,0.0,0,0,0,有,無,2400000,1488,,0.0,0,,RPQNMLRKQHPFFAW08DA,0.0,0.0,0.0,無
金湖鎮,土地,南雄段331~360地號,571.92,其他,,,1090811,土地1建物0車位0,,,其他,,,,0.0,0,0,0,有,無,3200000,5595,,0.0,0,,RPSNMLSKQHPFFAW38DA,0.0,0.0,0.0,無
金寧鄉,土地,西堡劃測段331~360地號,1384.41,其他,,,1090803,土地1建物0車位0,,,其他,,,,0.0,0,0,0,有,無,3544000,2560,,0.0,0,,RPTNMLSKQHPFFAW48DA,0.0,0.0,0.0,無
金寧鄉,土地,寧安二劃段481~510地號,500.0,其他,,,1090803,土地1建物0車位0,,,其他,,,,0.0,0,0,0,有,無,1280000,2560,,0.0,0,,RPUNMLSKQHPFFAW58DA,0.0,0.0,0.0,無
金寧鄉,房地(土地+建物),下埔下91~120號,36.7,其他,,,1090807,土地2建物1車位0,四層,五層,公寓(5樓含以下無電梯),見其他登記事項,鋼筋混凝土造,1071009,89.42999999999999,3,2,2,有,無,5900000,65973,,0.0,0,,RPUOMLSKQHPFFAW68DA,70.9,0.0,7.15,無
金城鎮,土地,祥安段391~420地號,165.6,其他,,,1090731,土地6建物0車位0,,,其他,,,,0.0,0,0,0,有,無,3300000,19928,,0.0,0,包含公共設施保留地用地;,RPRNMLTLPHPFFAW38DA,0.0,0.0,0.0,無
金寧鄉,土地,盤山村測段181~210地號,81.5,,,,1090805,土地2建物0車位0,,,其他,,,,0.0,0,0,0,有,無,3220500,39515,,0.0,0,本案成交價是新加坡幣15萬，折合台幣約322萬500元，土增稅台幣37萬3759元由買方負責繳納。未登記建物;,RPXNMLSKQHPFFAW98EA,0.0,0.0,0.0,無
金城鎮,房地(土地+建物),西海路三段21巷1~30號,102.03,其他,,,1090624,土地1建物1車位0,全,三層,透天厝,見其他登記事項,鋼筋混凝土造,1040902,160.0,5,2,5,有,無,11500000,71875,,0.0,0,,RPRNMLTKQHPFFAW48EA,155.0,0.0,5.0,無
金寧鄉,土地,赤岑段781~810地號,2252.71,其他,,,1090731,土地4建物0車位0,,,其他,,,,0.0,0,0,0,有,無,2000000,888,,0.0,0,,RPSNMLKLQHPFFAW77EA,0.0,0.0,0.0,無
金城鎮,土地,庵前村測段121~150地號,15.54,,,,1090815,土地1建物0車位0,,,其他,,,,0.0,0,0,0,有,無,180000,11583,,0.0,0,未登記建物;,RPVNMLKLQHPFFAW08EA,0.0,0.0,0.0,無
金沙鎮,土地,沙港劃段331~360地號,1000.01,其他,,,1090817,土地1建物0車位0,,,其他,,,,0.0,0,0,0,有,無,4700000,4700,,0.0,0,,RPWNMLKLQHPFFAW18EA,0.0,0.0,0.0,無
金沙鎮,房地(土地+建物)+車位,東店1~30號,63.05,其他,,,1090804,土地1建物1車位1,三層,三層,公寓(5樓含以下無電梯),見其他登記事項,鋼筋混凝土造,1060112,143.8,3,2,2,有,無,6000000,41725,坡道平面,19.95,0,,RPQNMLTKQHPFFAW28DA,81.71,0.0,5.47,無
金寧鄉,土地,龍潭段631~660地號,250.7,其他,,,1090803,土地2建物0車位0,,,其他,,,,0.0,0,0,0,有,無,700000,2792,,0.0,0,,RPRNMLKLQHPFFAW57DA,0.0,0.0,0.0,無
烈嶼鄉,土地,青岐段481~510地號,40.0,其他,,,1090818,土地1建物0車位0,,,其他,,,,0.0,0,0,0,有,無,300000,7500,,0.0,0,,RPTNMLKLQHPFFAW77DA,0.0,0.0,0.0,無
金寧鄉,土地,寧劃段121~150地號,890.5,其他,,,1090722,土地1建物0車位0,,,其他,,,,0.0,0,0,0,有,無,3000000,3369,,0.0,0,,RPOOMLKLQHPFFAW37DA,0.0,0.0,0.0,無
金寧鄉,房地(土地+建物)+車位,下堡91~120號,52.53,其他,,,1090723,土地1建物1車位1,三層,三層,公寓(5樓含以下無電梯),見其他登記事項,鋼筋混凝土造,1021120,147.28,3,2,2,有,無,7900000,53639,坡道平面,26.94,0,,RPROMLSKQHPFFAW38DA,86.02,0.0,8.18,無
金寧鄉,土地,北二三劃測段601~630地號,1000.01,其他,,,1090817,土地2建物0車位0,,,其他,,,,0.0,0,0,0,有,無,10000000,10000,,0.0,0,包含公共設施保留地用地;,RPTNMLRKQHPFFAW38DA,0.0,0.0,0.0,無
金沙鎮,土地,蔡厝劃測段181~210地號,1560.34,其他,,,1090801,土地1建物0車位0,,,其他,,,,0.0,0,0,0,有,無,4000000,2564,,0.0,0,,RPWNMLRKQHPFFAW68DA,0.0,0.0,0.0,無
金沙鎮,土地,蔡厝劃測段151~180地號,1620.02,其他,,,1090801,土地1建物0車位0,,,其他,,,,0.0,0,0,0,有,無,5500000,3395,,0.0,0,,RPXNMLRKQHPFFAW78DA,0.0,0.0,0.0,無
金沙鎮,土地,高坑劃測段421~450地號,925.42,其他,,,1090317,土地2建物0車位0,,,其他,,,,0.0,0,0,0,有,無,7200000,7780,,0.0,0,,RPPNMLLKQHPFFAW37DA,0.0,0.0,0.0,無
金湖鎮,房地(土地+建物),夏興1~30號,48.38,其他,,,1090724,土地1建物1車位0,一層,三層,公寓(5樓含以下無電梯),見其他登記事項,鋼筋混凝土造,1060407,82.61999999999999,3,2,2,有,無,5200000,62939,,0.0,0,,RPWNMLRLPHPFFAW68DA,76.1,0.0,0.0,無
金湖鎮,土地,湖前段1231~1260地號,37.5,其他,,,1090824,土地1建物0車位0,,,其他,,,,0.0,0,0,0,有,無,550000,14667,,0.0,0,,RPQNMLOLQHPFFAW97EA,0.0,0.0,0.0,無
金寧鄉,土地,寧湖二劃測段421~450地號,1000.01,其他,,,1090810,土地1建物0車位0,,,其他,,,,0.0,0,0,0,有,無,13000000,13000,,0.0,0,,RPUNMLOLQHPFFAW38EA,0.0,0.0,0.0,無
金寧鄉,房地(土地+建物),下埔下1~30號,30.95,其他,,,1090812,土地1建物1車位0,一層,三層,公寓(5樓含以下無電梯),見其他登記事項,鋼筋混凝土造,1061030,50.25,2,1,1,有,無,4300000,85572,,0.0,0,,RPPNMLNKQHPFFAW57DA,44.86,0.0,0.0,無
金城鎮,房地(土地+建物),民生路1~30號,11.64,其他,,,1090813,土地1建物1車位0,九層,十二層,住宅大樓(11層含以上有電梯),住家用,鋼骨混凝土造,0890821,104.65,3,1,2,有,有,7870000,75203,,0.0,0,,RPSNMLPLQHPFFAW18DA,75.57,0.0,5.94,有
金寧鄉,房地(土地+建物),東坑1~30號,46.09,其他,,,1060425,土地1建物1車位0,二層,三層,公寓(5樓含以下無電梯),見其他登記事項,鋼筋混凝土造,1060123,81.73,3,2,2,有,無,5430000,66438,,0.0,0,預售屋、或土地及建物分次登記案件;,RPQOMLOJQHPFFAW77DA,66.42,0.0,8.76,無
金寧鄉,房地(土地+建物),東坑1~30號,46.09,其他,,,1060425,土地1建物1車位0,二層,三層,公寓(5樓含以下無電梯),見其他登記事項,鋼筋混凝土造,1060123,82.53,3,2,2,有,無,5500000,66642,,0.0,0,預售屋、或土地及建物分次登記案件;,RPPNMLPJQHPFFAW67DA,67.22,0.0,8.76,無
金沙鎮,房地(土地+建物),新前墩31~60號,129.19,其他,,,1080806,土地1建物1車位0,全,三層,透天厝,見其他登記事項,鋼筋混凝土造,1051024,230.76,4,3,5,有,無,10020000,43422,,0.0,0,預售屋、或土地及建物分次登記案件;,RPXNMLQJQHPFFAW58DA,224.1,0.0,6.66,有
金湖鎮,房地(土地+建物),塔后301~330號,83.68,其他,,,1090810,土地1建物1車位0,一層，二層，三層，見其他登記事項,四層,公寓(5樓含以下無電梯),見其他登記事項,鋼筋混凝土造,1081002,194.5,5,2,5,有,有,11800000,60668,,0.0,0,含約定空地使用權,RPQNMLKKQHPFFAW37DA,175.9,5.67,12.93,無
金寧鄉,土地,北二三劃測段421~450地號,1000.01,其他,,,1090722,土地1建物0車位0,,,其他,,,,0.0,0,0,0,有,無,4000000,4000,,0.0,0,,RPUNMLPLQHPFFAW38DA,0.0,0.0,0.0,無
金湖鎮,房地(土地+建物),武德新莊121~150號,27.74,其他,,,1090807,土地1建物1車位0,三層,五層,華廈(10層含以下有電梯),見其他登記事項,鋼筋混凝土造,0930510,127.19,3,2,2,有,無,4000000,31449,,0.0,0,,RPPNMLOLQHPFFAW77DA,71.34,0.0,9.72,有
金湖鎮,房地(土地+建物),環島南路五段165巷8弄1~30號,67.36,其他,,,1090809,土地1建物1車位0,二層,三層,公寓(5樓含以下無電梯),見其他登記事項,鋼筋混凝土造,1070514,171.33,3,1,2,有,無,5500000,32102,,0.0,0,,RPRNMLRKQHPFFAW18DA,89.9,0.0,6.0,無
金寧鄉,土地,北二三劃測段511~540地號,500.01,其他,,,1090723,土地1建物0車位0,,,其他,,,,0.0,0,0,0,有,無,4700000,9400,,0.0,0,,RPOOMLQLQHPFFAW97DA,0.0,0.0,0.0,無
金寧鄉,房地(土地+建物),嚨口31~60號,44.71,其他,,,1090801,土地1建物1車位0,一層,三層,公寓(5樓含以下無電梯),見其他登記事項,鋼筋混凝土造,1090721,85.08000000000001,3,2,2,有,無,4800000,56417,,0.0,0,,RPPNMLRLQHPFFAW08DA,75.93,0.0,0.0,無
金沙鎮,土地,沙港劃段631~660地號,1000.08,其他,,,1090813,土地1建物0車位0,,,其他,,,,0.0,0,0,0,有,無,4000000,4000,,0.0,0,,RPQNMLRLQHPFFAW18DA,0.0,0.0,0.0,無
金寧鄉,房地(土地+建物),西山1~30號,180.23,其他,,,1080313,土地1建物1車位0,全,三層,透天厝,住家用,鋼筋混凝土造,1090529,172.29,4,2,3,有,無,8400000,48755,,0.0,0,,RPTNMLRLQHPFFAW58EA,164.96,0.0,7.33,無
金城鎮,土地,庵前村測段61~90地號,368.62,其他,,,1090824,土地1建物0車位0,,,其他,,,,0.0,0,0,0,有,無,3760000,10200,,0.0,0,親友、員工、共有人或其他特殊關係間之交易;,RPXNMLQLQHPFFAW78DA,0.0,0.0,0.0,無
金城鎮,房地(土地+建物),山前31~60號,69.0,其他,,,1090813,土地1建物1車位0,全,三層,透天厝,住家用,鋼筋混凝土加強磚造,0850603,195.41,5,1,5,有,無,7500000,38381,,0.0,0,,RPRNMLSLQHPFFAW38DA,195.41,0.0,0.0,無
金寧鄉,房地(土地+建物),安岐331~360號,55.28,其他,,,1090825,土地1建物1車位0,三層,五層,華廈(10層含以下有電梯),見其他登記事項,鋼筋混凝土造,1090428,115.13,3,2,2,有,無,5350000,46469,,0.0,0,預售屋、或土地及建物分次登記案件;,RPSNMLSLQHPFFAW48DA,92.57,0.0,9.13,有
金寧鄉,房地(土地+建物),安岐331~360號,55.28,其他,,,1090825,土地1建物1車位0,四層,五層,華廈(10層含以下有電梯),見其他登記事項,鋼筋混凝土造,1090428,115.13,3,2,2,有,無,5600000,48641,,0.0,0,預售屋、或土地及建物分次登記案件;,RPPNMLLMQHPFFAW57DA,92.57,0.0,9.13,有
金湖鎮,土地,塔后段661~690地號,341.98,其他,,,1090812,土地1建物0車位0,,,其他,,,,0.0,0,0,0,有,無,1000000,2924,,0.0,0,,RPRNMLLMQHPFFAW77DA,0.0,0.0,0.0,無
金寧鄉,土地,寧劃段871~900地號,979.23,其他,,,1090817,土地2建物0車位0,,,其他,,,,0.0,0,0,0,有,無,3000000,3064,,0.0,0,親友、員工、共有人或其他特殊關係間之交易;,RPPOMLQLQHPFFAW08DA,0.0,0.0,0.0,無
金寧鄉,土地,盤山村測段151~180地號,1.01,,,,1090821,土地1建物0車位0,,,其他,,,,0.0,0,0,0,有,無,35000,34653,,0.0,0,,RPRNMLOLQHPFFAW97DA,0.0,0.0,0.0,無
金寧鄉,土地,盤山村測段151~180地號,33.4,,,,1090812,土地1建物0車位0,,,其他,,,,0.0,0,0,0,有,無,1150000,34431,,0.0,0,,RPTNMLOLQHPFFAW18DA,0.0,0.0,0.0,無
金城鎮,房地(土地+建物),民權路226巷4弄1~30號,30.56,其他,,,1090820,土地1建物1車位0,六層,七層,華廈(10層含以下有電梯),見其他登記事項,鋼筋混凝土造,1020319,114.12,3,2,2,有,有,9200000,80617,,0.0,0,,RPUNMLKLQHPFFAW87DA,83.96,0.0,10.56,有
金寧鄉,房地(土地+建物),湖下31~60號,32.6,其他,,,1090814,土地1建物1車位0,一層,三層,公寓(5樓含以下無電梯),見其他登記事項,鋼筋混凝土造,1080805,55.58,2,2,1,有,無,4150000,74667,,0.0,0,,RPSNMLRKQHPFFAW28DA,51.14,0.0,0.0,無
烈嶼鄉,土地,東面山測段421~450地號,1684.6,其他,,,1090814,土地2建物0車位0,,,其他,,,,0.0,0,0,0,有,無,2358440,1400,,0.0,0,,RPPNMLOKQHPFFAW67DA,0.0,0.0,0.0,無
金城鎮,土地,古井段61~90地號,974.0,其他,,,1090818,土地1建物0車位0,,,其他,,,,0.0,0,0,0,有,無,4300000,4415,,0.0,0,,RPXNMLKLQHPFFAW18DA,0.0,0.0,0.0,無
金寧鄉,土地,安岐村測段211~240地號,101.61,,,,1090820,土地1建物0車位0,,,其他,,,,0.0,0,0,0,有,無,2000000,19683,,0.0,0,,RPQNMLLLQHPFFAW57DA,0.0,0.0,0.0,無
金城鎮,土地,蜈蚣山段1021~1050地號,400.0,其他,,,1090702,土地1建物0車位0,,,其他,,,,0.0,0,0,0,有,無,2500000,6250,,0.0,0,,RPUNMLQLQHPFFAW48DA,0.0,0.0,0.0,無
金城鎮,房地(土地+建物),小西門1~30號,44.18,其他,,,1080917,土地1建物2車位0,三層,三層,公寓(5樓含以下無電梯),見其他登記事項,鋼筋混凝土造,1090623,88.84,3,2,3,有,無,3700000,41648,,0.0,0,,RPSNMLLMQHPFFAW87DA,73.13,0.0,5.09,無
金城鎮,房地(土地+建物)+車位,西海路三段106巷17弄1~30號,41.68,其他,,,1090825,土地1建物1車位1,一層,三層,公寓(5樓含以下無電梯),見其他登記事項,鋼筋混凝土造,1060303,115.33000000000001,2,2,2,有,無,4800000,41620,坡道平面,14.0,0,,RPPNMLSLQHPFFAW18DA,66.04,0.0,0.69,無
金城鎮,房地(土地+建物)+車位,西海路三段106巷17弄1~30號,46.58,其他,,,1090825,土地1建物1車位1,二層,三層,公寓(5樓含以下無電梯),見其他登記事項,鋼筋混凝土造,1060303,126.55,2,2,2,有,無,4600000,36349,坡道平面,14.0,0,,RPQNMLSLQHPFFAW28DA,66.04,0.0,7.84,無
金寧鄉,房地(土地+建物),頂埔下1~30號,60.79,其他,,,1090813,土地1建物2車位0,二層,三層,公寓(5樓含以下無電梯),見其他登記事項,鋼筋混凝土造,1061003,110.51,3,2,2,有,無,6000000,54294,,0.0,0,,RPXNMLMJRHPFFAW28DA,84.7,0.0,5.75,無
金湖鎮,房地(土地+建物),塔后151~180號,45.94,其他,,,1090818,土地1建物1車位0,三層,四層,華廈(10層含以下有電梯),見其他登記事項,鋼筋混凝土造,1090716,108.17999999999999,3,2,2,有,無,6390000,59068,,0.0,0,,RPTNMLLMQHPFFAW97DA,86.16,0.0,7.53,有
金湖鎮,房地(土地+建物),塔后151~180號,45.94,其他,,,1090818,土地1建物1車位0,三層,四層,華廈(10層含以下有電梯),見其他登記事項,鋼筋混凝土造,1090716,97.63,3,1,2,有,無,5500000,56335,,0.0,0,,RPUNMLLMQHPFFAW08DA,77.78,0.0,5.36,有
金城鎮,土地,城北段481~510地號,11.86,其他,,,1090724,土地2建物0車位0,,,其他,,,,0.0,0,0,0,有,無,1750000,147555,,0.0,0,交易總價含未登記建物未登記建物;,RPQNMLOKQHPFFAW87EA,0.0,0.0,0.0,無
金沙鎮,土地,沙港劃段541~570地號,1000.01,其他,,,1090825,土地1建物0車位0,,,其他,,,,0.0,0,0,0,有,無,4300000,4300,,0.0,0,,RPSNMLRJRHPFFAW38EA,0.0,0.0,0.0,無
金寧鄉,土地,長寮段61~90地號,1066.5,其他,,,1090611,土地2建物0車位0,,,其他,,,,0.0,0,0,0,有,無,29530000,27689,,0.0,0,包含公共設施保留地用地;,RPWNMLMJRHPFFAW28EA,0.0,0.0,0.0,無
金寧鄉,房地(土地+建物),環島西路二段551巷101弄1~30號,1265.09,其他,,,1090825,土地6建物1車位0,全,三層,透天厝,見其他登記事項,鋼筋混凝土造,1031002,207.79,5,2,5,有,無,10500000,50532,,0.0,0,,RPSNMLRLQHPFFAW38DA,196.08,0.0,11.71,無
金沙鎮,土地,沙港劃段541~570地號,1000.02,其他,,,1090825,土地1建物0車位0,,,其他,,,,0.0,0,0,0,有,無,4300000,4300,,0.0,0,,RPRNMLRJRHPFFAW28EA,0.0,0.0,0.0,無
金城鎮,房地(土地+建物),富康一村4巷1~30號,109.0,其他,,,1090818,土地1建物1車位0,全,二層,透天厝,住家用,鋼筋混凝土造,0640801,140.77,5,3,2,有,無,9000000,63934,,0.0,0,,RPPOMLSKQHPFFAW18DA,131.4,0.0,9.37,無
金寧鄉,土地,寧湖一劃段361~390地號,1000.03,其他,,,1090825,土地1建物0車位0,,,其他,,,,0.0,0,0,0,有,無,11200000,11200,,0.0,0,,RPSNMLQLQHPFFAW28DA,0.0,0.0,0.0,無
金沙鎮,土地,沙港劃段391~420地號,1000.02,其他,,,1090906,土地1建物0車位0,,,其他,,,,0.0,0,0,0,有,無,4800000,4800,,0.0,0,,RPSNMLSJRHPFFAW48EA,0.0,0.0,0.0,無
金寧鄉,房地(土地+建物),頂堡241~270號,51.81,其他,,,1090814,土地2建物1車位0,二層,三層,公寓(5樓含以下無電梯),見其他登記事項,鋼筋混凝土造,1040609,98.34,3,2,2,有,無,5850000,59487,,0.0,0,,RPPNMLQJRHPFFAW87DA,85.1,0.0,4.27,無
金湖鎮,土地,士校段151~180地號,750.0,其他,,,1090903,土地1建物0車位0,,,其他,,,,0.0,0,0,0,有,無,2800000,3733,,0.0,0,,RPVNMLSJRHPFFAW68DA,0.0,0.0,0.0,無
金湖鎮,土地,士校段151~180地號,750.0,,,,1090903,土地1建物0車位0,,,其他,,,,0.0,0,0,0,有,無,2800000,3733,,0.0,0,,RPWNMLSJRHPFFAW78DA,0.0,0.0,0.0,無
金湖鎮,土地,士校段151~180地號,500.0,,,,1090903,土地2建物0車位0,,,其他,,,,0.0,0,0,0,有,無,1860000,3720,,0.0,0,,RPXNMLSJRHPFFAW88DA,0.0,0.0,0.0,無
金城鎮,房地(土地+建物),民權路226巷2弄1~30號,16.56,其他,,,1090522,土地2建物1車位0,五層,十一層,住宅大樓(11層含以上有電梯),見其他登記事項,鋼筋混凝土造,1051104,86.12,2,2,1,有,有,8100000,94055,,0.0,0,,RPVNMLMJRHPFFAW08DA,60.92,0.0,3.05,有
金湖鎮,房地(土地+建物),林兜301~330號,106.2,其他,,,1090420,土地2建物1車位0,全,三層,透天厝,住家用,鋼筋混凝土造,1070327,185.26,5,2,4,有,無,12500000,67473,,0.0,0,,RPSNMLOLPHPFFAW97DA,173.45,0.0,11.81,無
