編號,土地區段位置,土地移轉面積(平方公尺),使用分區或編定,權利人持分分母,權利人持分分子,移轉情形
The serial number,land sector position,land shifting area square meter,the use zoning or compiles and checks,,,
RPTNMLLKKIPFFAD08CC,青年段,.00,都市：商,,,
RPTNMLLKKIPFFAD08CC,青年段,.00,都市：商,,,
RPTNMLLKKIPFFAD08CC,青年段,.00,都市：商,,,
RPTNMLLKKIPFFAD08CC,青年段,.00,都市：商,,,
RPRNMLLKKIPFFAD87CC,成光段,.00,都市：其他:市場用地,,,
RPVNMLLKKIPFFAD28CC,開元段,5.58,都市：商,,,
RPVNMLLKKIPFFAD28CC,開元段,2.73,都市：住,,,
RPUNMLLKKIPFFAD18CC,富台段,.00,都市：住,,,
RPROMLLKKIPFFAD97CC,仁愛段,.00,都市：住,,,
RPROMLLKKIPFFAD97CC,仁愛段,.00,都市：商,,,
RPOOMLLKKIPFFAD67CC,武聖段,.00,都市：其他:市場用地,,,
RPSOMLLKKIPFFAD08CC,開元段,.00,都市：商,,,
RPTOMLLKKIPFFAD18CC,武聖段,97.71,都市：住,,,
RPXOMLLKKIPFFAD58CC,星鑽段,.00,都市：商,,,
RPOOMLLKKIPFFHD38CC,善中段,.00,都市：住,,,
RPOPMLLKKIPFFBD87CC,國安段,.00,都市：住,,,
RPQOMLLKKIPFFAD87CC,成光段,.00,都市：住,,,
RPROMLLKKIPFFBD08CC,青砂段,.00,都市：住,,,
RPUPMLLKKIPFFKD76CC,大灣段,.00,都市：商,,,
RPPOMLLKKIPFFKD78CC,六合段,.00,都市：住,,,
RPQOMLLKKIPFFKD88CC,鹽中段,.00,都市：住,,,
RPROMLLKKIPFFKD98CC,橋北段,.00,都市：住,,,
RPQNMLMKKIPFFDD18CC,民權段,.99,都市：商,,,
RPQNMLMKKIPFFDD18CC,民權段,12.34,都市：商,,,
RPQNMLMKKIPFFDD18CC,民權段,.87,都市：商,,,
RPQNMLMKKIPFFDD18CC,民權段,197.85,都市：商,,,
RPPNMLMKKIPFFDD08CC,柳營段柳營小段,7.00,都市：商,,,
RPPNMLMKKIPFFDD08CC,柳營段柳營小段,86.00,都市：商,,,
RPQNMLOKKIPFFHD78CC,善成段,.00,都市：住,,,
RPWNMLOKKIPFFAD68CC,自強段,.00,都市：商,,,
RPROMLOKKIPFFKD66CC,六甲頂段,104.13,都市：住,,,
RPROMLLKKIPFFDD38DC,柳營段柳營小段,7.00,都市：商,,,
RPROMLLKKIPFFDD38DC,柳營段柳營小段,86.00,都市：商,,,
RPUNMLLKKIPFFCD38CC,東光段,.00,都市：商,,,
RPROMLLKKIPFFCD18CC,鹽埕段,4954.00,都市：工,,,
RPTOMLPKKIPFFAD58CC,武聖段,107.30,都市：住,,,
RPVNMLLKKIPFFCD48CC,裕南段,.00,都市：住,,,
RPOOMLOKKIPFFAD97CC,開元段,.00,都市：商,,,
RPOOMLOKKIPFFAD97CC,開元段,.00,都市：住,,,
RPVOMLOKKIPFFAD68CC,康祥段,.00,都市：住,,,
RPPPMLOKKIPFFAD18CC,金城段,.00,都市：商,,,
RPVOMLLKKIPFFID56CC,媽祖廟段一小段,495.87,非都市：特定農業區 ; 非都市編定：農牧用地,,,
RPTOMLPKKIPFFKD96CC,頂南段,.00,都市：住,,,
RPSNMLPKKIPFFKD76CC,蜈蜞潭段,4.30,都市：住,,,
RPUOMLLKKIPFFID09CC,太子段,244.46,都市：工,,,
RPOOMLPKKIPFFBD18CC,和館段,.00,都市：商,,,
RPWPMLPKKIPFFAD98CC,金城段,25.21,都市：住,,,
RPSOMLPKKIPFFAD58DC,妙壽段,204.19,都市：住,,,
RPOOMLPKKIPFFID88CC,歸仁北段,.00,都市：住,,,
RPRNMLQKKIPFFHD09CC,南港段,.00,都市：工,,,
RPRNMLQKKIPFFID56CC,嘉南段,363.63,都市：農,,,
RPUNMLQKKIPFFID86CC,太子段,33.05,都市：住,,,
RPTNMLPKKIPFFFD98CC,下營段,1084.00,非都市：特定農業區 ; 非都市編定：農牧用地,,,
RPTOMLQKKIPFFAD68CC,開元段,.00,都市：商,,,
RPXOMLQKKIPFFAD09CC,青年段,.00,都市：商,,,
RPXOMLQKKIPFFAD09CC,青年段,.00,都市：商,,,
RPXOMLQKKIPFFAD09CC,青年段,.00,都市：商,,,
RPXOMLQKKIPFFKD57DC,文化段,330.57,都市：農,,,
RPROMLQKKIPFFKD86CC,文化段,238.37,都市：農,,,
RPROMLQKKIPFFKD86CC,文化段,2661.15,都市：農,,,
RPROMLQKKIPFFKD86CC,文化段,330.24,都市：農,,,
RPROMLQKKIPFFKD86CC,文化段,11.00,都市：農,,,
RPROMLQKKIPFFKD86CC,文化段,701.61,都市：農,,,
RPROMLQKKIPFFKD86CC,文化段,2238.01,都市：農,,,
RPSPMLQKKIPFFAD68CC,環河段,.00,都市：住,,,
RPSPMLQKKIPFFAD68CC,環河段,.00,都市：住,,,
RPSPMLQKKIPFFAD68CC,環河段,.00,都市：住,,,
RPPOMLQKKIPFFKD66CC,鹽西段,439.70,都市：工,,,
RPQNMLQKKIPFFKD66CC,永信段,.00,都市：住,,,
RPTOMLQKKIPFFKD07CC,五王段,105.99,都市：住,,,
RPTQMLQKKIPFFAD88CC,郡王祠段,.00,都市：住,,,
RPQOMLQKKIPFFCD58CC,育樂段,.00,都市：住,,,
RPTOMLQKKIPFFCD88CC,仁和段,.00,都市：住,,,
RPRNMLQKKIPFFCD58CC,鹽埕段,.00,都市：住,,,
RPTNMLQKKIPFFCD78CC,富農段,.00,都市：住,,,
RPTNMLQKKIPFFCD78CC,富農段,.00,都市：商,,,
RPXNMLRKKIPFFCD66CC,富農段,.00,都市：住,,,
RPWNMLRKKIPFFCD56CC,東寧段,.00,都市：住,,,
RPVNMLRKKIPFFCD09CC,新東段,.00,都市：商,,,
RPVNMLRKKIPFFCD09CC,新東段,.00,都市：商,,,
RPOPMLRKKIPFFCD58CC,水交社段,.00,都市：住,,,
RPVNMLRKKIPFFCD09CC,新東段,.00,都市：商,,,
RPOPMLRKKIPFFCD58CC,水交社段,.00,都市：住,,,
RPVNMLRKKIPFFCD09CC,新東段,.00,都市：商,,,
RPOPMLRKKIPFFCD58CC,水交社段,.00,都市：住,,,
RPWOMLRKKIPFFCD66CC,龍泉段,77.47,都市：住,,,
RPWOMLRKKIPFFCD66CC,龍山段,1.00,都市：住,,,
RPSNMLQKKIPFFID66CC,中清段,.00,都市：住,,,
RPVNMLRKKIPFFKD27CC,文化段,330.57,都市：農,,,
RPQNMLRKKIPFFKD76CC,永信段,.00,都市：住,,,
RPUNMLRKKIPFFKD17CC,鹽西段,439.66,都市：工,,,
RPWNMLRKKIPFFKD37CC,大灣段,.00,都市：農,,,
RPOOMLRKKIPFFKD66CC,橋北段,.00,都市：住,,,
RPPOMLRKKIPFFHD09CC,新吉段,.00,非都市：特定農業區 ; 非都市編定：甲種建築用地,,,
RPVPMLRKKIPFFCD66CC,富農段,.00,都市：住,,,
RPVPMLRKKIPFFCD66CC,富農段,.00,都市：商,,,
RPOOMLPKKIPFFCD38DC,鹽埕段,159.00,都市：住,,,
RPTOMLRKKIPFFKD27DC,鹽東段,.00,都市：住,,,
RPPOMLRKKIPFFID56CC,二王段,280.99,都市：農,,,
RPPOMLRKKIPFFAD48DC,公園段,.00,都市：商,,,
RPPOMLRKKIPFFAD48DC,公園段,.00,都市：商,,,
RPPOMLRKKIPFFAD48DC,公園段,.00,都市：其他:道路用地,,,
RPXNMLRKKIPFFAD09CC,新南段,.00,都市：住,,,
RPXNMLRKKIPFFAD09CC,新南段,.00,都市：住,,,
RPWNMLRKKIPFFAD98CC,金城段,177.00,都市：住,,,
RPUOMLRKKIPFFAD98DC,公園段,.00,都市：商,,,
RPUOMLRKKIPFFAD98DC,公園段,.00,都市：商,,,
RPUOMLRKKIPFFAD98DC,公園段,.00,都市：其他:道路用地,,,
RPSNMLRKKIPFFAD58CC,北元段,152.92,都市：住,,,
RPSNMLRKKIPFFAD58CC,北元段,152.76,都市：住,,,
RPSNMLRKKIPFFAD58CC,北元段,152.62,都市：住,,,
RPSNMLRKKIPFFAD58CC,北元段,152.45,都市：住,,,
RPQOMLRKKIPFFAD48CC,北元段,.00,都市：住,,,
RPROMLRKKIPFFAD68DC,環河段,.00,都市：住,,,
RPTOMLSKKIPFFKD27CC,成功段,.00,都市：商,,,
RPWOMLSKKIPFFKD57CC,大灣段,.00,都市：商,,,
RPQPMLSKKIPFFKD07CC,橋北段,19.42,都市：住,,,
RPQPMLRKKIPFFAD68DC,光賢段,82.65,都市：住,,,
RPOPMLSKKIPFFAD48CC,金華段,.00,都市：商,,,
RPQOMLSKKIPFFAD58CC,銀同段,.00,都市：商,,,
RPRNMLLLKIPFFCD18CC,泉南段,.00,都市：住,,,
RPRNMLLLKIPFFCD18CC,泉南段,.00,都市：住,,,
RPWNMLLLKIPFFCD68CC,竹篙厝段,.00,都市：住,,,
RPSNMLSKKIPFFHD76CC,善文段,.00,都市：其他:空白,,,
RPROMLRKKIPFFKD96CC,兵北段,.00,都市：住,,,
RPTNMLMLKIPFFID09CC,正義段,.00,都市：住,,,
RPVNMLRKKIPFFHD96CC,大成段,116.35,都市：其他:,,,
RPVNMLRKKIPFFHD96CC,大成段,87.63,都市：其他:,,,
RPQNMLLLKIPFFAD87CC,東興段,65.19,都市：住,,,
RPXNMLLLKIPFFAD58CC,玉宇段,.00,都市：住,,,
RPVPMLLLKIPFFID76CC,武東段,1652.89,都市：住,,,
RPVOMLLLKIPFFKD86CC,橋北段,15.75,都市：商,,,
RPUOMLMLKIPFFKD86CC,大灣段,.00,都市：住,,,
RPTOMLMLKIPFFKD76CC,永興段,.00,都市：住,,,
RPROMLMLKIPFFKD56CC,永仁段,.00,都市：住,,,
RPXNMLMLKIPFFFD66DC,大埕段,520.25,都市：住,,,
RPOOMLMLKIPFFDD18CC,民權段,426.08,都市：商,,,
RPOOMLMLKIPFFDD18CC,民權段,56.90,都市：商,,,
RPSOMLLLKIPFFCD38CC,東光段,.00,都市：商,,,
RPXNMLMLKIPFFCD98DC,龍泉段,45.39,都市：住,,,
RPXNMLMLKIPFFDD98CC,真武段,.00,都市：商,,,
RPXOMLMLKIPFFCD98CC,關帝段,.00,都市：住,,,
RPUNMLMLKIPFFCD58CC,竹篙厝段,.00,都市：商,,,
RPVOMLMLKIPFFCD78CC,龍泉段,.00,都市：住,,,
RPVOMLMLKIPFFCD78CC,龍泉段,.00,都市：住,,,
RPVOMLMLKIPFFCD78CC,龍泉段,.00,都市：住,,,
RPQPMLMLKIPFFAD18CC,新南段,7.44,都市：商,,,
RPUOMLLLKIPFFKD76CC,大灣段,484.00,都市：工,,,
RPSQMLNLKIPFFAD58CC,觀音段,16.10,都市：商,,,
RPORMLNLKIPFFAD28CC,漁港段,.00,都市：住,,,
RPOOMLMLKIPFFCD08CC,桶盤淺段,.00,都市：住,,,
RPVQMLNLKIPFFAD88CC,金華段,.00,都市：商,,,
RPOQMLNLKIPFFAD18CC,大豐段,.00,都市：商,,,
RPOPMLNLKIPFFAD08CC,東興段,.00,都市：住,,,
RPVNMLNLKIPFFAD58CC,郡王祠段,.00,都市：住,,,
RPPNMLNLKIPFFAD97CC,保安段,.00,都市：商,,,
RPRRMLNLKIPFFAD58CC,文元段,.00,都市：住,,,
RPRRMLNLKIPFFAD58CC,文元段,.00,都市：住,,,
RPPRMLNLKIPFFAD38CC,三民段,.00,都市：商,,,
RPWNMLNLKIPFFAD68CC,永華段,.00,都市：商,,,
RPWNMLNLKIPFFAD68CC,永華段,.00,都市：商,,,
RPSRMLNLKIPFFAD68CC,北元段,.00,都市：住,,,
RPOOMLNLKIPFFCD18CC,路東段,.00,都市：住,,,
RPOOMLNLKIPFFCD18CC,路東段,.00,都市：住,,,
RPROMLMLKIPFFBD28CC,溪心段,.00,都市：住,,,
RPROMLMLKIPFFBD28CC,溪心段,.00,都市：住,,,
RPOQMLNLKIPFFHD88CC,六塊寮段,.00,非都市：鄉村區 ; 非都市編定：乙種建築用地,,,
RPWTMLNLKIPFFCD86CC,富裕段,.00,都市：住,,,
RPWPMLNLKIPFFCD09CC,仁和段,.00,都市：住,,,
RPVNMLNLKIPFFCD78CC,富農段,.00,都市：住,,,
RPVNMLNLKIPFFCD78CC,富農段,.00,都市：商,,,
RPUOMLNLKIPFFCD78CC,育樂段,.00,都市：商,,,
RPTPMLNLKIPFFCD78CC,仁和段,.00,都市：住,,,
RPQOMLNLKIPFFCD38CC,竹篙厝段,.00,都市：住,,,
RPXNMLSKKIPFFID37CC,歸仁北段,.00,都市：住,,,
RPXNMLSKKIPFFID37CC,歸仁北段,.00,都市：住,,,
RPVNMLNLKIPFFHD76DC,北子店段二小段,118.00,非都市：特定農業區 ; 非都市編定：甲種建築用地,,,
RPXNMLPLKIPFFHD07CC,福壽段,.00,都市：住,,,
RPWOMLOLKIPFFKD27CC,永和段,.00,都市：商,,,
RPROMLOLKIPFFID56CC,山西段,9.00,都市：住,,,
RPROMLOLKIPFFID56CC,山西段,83.00,都市：住,,,
RPPOMLPLKIPFFKD66CC,大灣段,.00,都市：住,,,
RPOOMLNLKIPFFKD98CC,大灣段,.00,都市：商,,,
RPRNMLNLKIPFFKD56CC,兵北段,.00,都市：住,,,
RPQOMLNLKIPFFKD56CC,永華段,.00,都市：住,,,
RPWNMLNLKIPFFKD07CC,大灣段,.00,都市：商,,,
RPOOMLPLKIPFFHD88CC,福壽段,.00,都市：住,,,
RPPOMLPLKIPFFCD48CC,光華段,.00,都市：住,,,
RPRNMLPLKIPFFCD58CC,龍泉段,.00,都市：住,,,
RPRNMLPLKIPFFCD58CC,龍泉段,.00,都市：住,,,
RPRNMLPLKIPFFCD58CC,龍泉段,.00,都市：住,,,
RPSOMLPLKIPFFAD58CC,自強段,.00,都市：商,,,
RPXNMLPLKIPFFCD56CC,光華段,.00,都市：住,,,
RPVNMLPLKIPFFCD98CC,虎尾寮段,.00,都市：住,,,
RPSOMLPLKIPFFCD78CC,竹篙厝段,.00,都市：住,,,
RPSOMLPLKIPFFCD78CC,竹篙厝段,.00,都市：住,,,
RPOOMLPLKIPFFCD38CC,光華段,.00,都市：住,,,
RPQOMLPLKIPFFCD58CC,路東段,.00,都市：住,,,
RPQOMLPLKIPFFCD58CC,路東段,.00,都市：住,,,
RPROMLPLKIPFFCD68CC,新都心段,.00,都市：住,,,
RPTOMLPLKIPFFAD68CC,漁光段,11.97,都市：商,,,
RPTNMLSLKIPFFAD09EC,府前段,.00,都市：商,,,
RPPNMLRLKIPFFCD58CC,東寧段,.00,都市：商,,,
RPXOMLPLKIPFFCD66CC,裕東段,.00,都市：住,,,
RPWOMLSLKIPFFAD66CC,立人段,.00,都市：住,,,
RPTOMLTLKIPFFAD09CC,南門段,.00,都市：住,,,
RPTOMLSLKIPFFKD37CC,永信段,.00,都市：住,,,
RPTOMLSLKIPFFKD37CC,永信段,.00,都市：住,,,
RPUNMLSLKIPFFKD37CC,南新段,7.50,都市：住,,,
RPUNMLSLKIPFFKD37CC,南新段,13.96,都市：住,,,
RPWNMLKMKIPFFID66CC,太新段,86.17,都市：工,,,
RPVQMLKMKIPFFAD68CC,開元段,.00,都市：商,,,
RPTQMLKMKIPFFAD48CC,金華段,.00,都市：商,,,
RPVNMLSLKIPFFCD66CC,裕南段,4.23,都市：住,,,
RPTNMLTLKIPFFAD98CC,北華段,82.64,都市：商,,,
RPRNMLKMKIPFFKD98CC,大灣段,.00,都市：住,,,
RPSNMLKMKIPFFKD09CC,成功段,.00,都市：住,,,
RPXPMLKMKIPFFKD17CC,大灣段,.00,都市：住,,,
RPPNMLMJJHGGFCD86CC,德高段,360.00,都市：住,,,
RPOPMLKMKIPFFCD08CC,精忠段,.00,都市：住,,,
RPPOMLLMKIPFFAD97CC,頂美段,.00,都市：住,,,
RPPNMLLMKIPFFAD87CC,三民段,.00,都市：商,,,
RPQNMLOJJHGGFBD07CC,朝皇段,.00,都市：住,,,
RPPNMLOJJHGGFCD07CC,裕東段,.00,都市：住,,,
RPPNMLNJJHGGFKD77CC,大灣段,9.64,都市：住,,,
RPXOMLOJJHGGFCD97CC,水交社段,.00,都市：住,,,
RPWNMLOJJHGGFAD57CC,環河段,.00,都市：住,,,
RPOOMLOJJHGGFAD86CC,漁光段,.00,都市：商,,,
RPQOMLLMKIPFFKD09CC,六甲頂段,.00,都市：住,,,
RPUNMLLMKIPFFBD58DC,安西段,539.00,都市：住,,,
RPROMLLMKIPFFKD56CC,六合段,.00,都市：住,,,
RPTNMLPJJHGGFED77CC,永安段,48.00,都市：商,,,
RPVNMLPJJHGGFED97CC,中興段,46.00,都市：住,,,
RPVNMLPJJHGGFED97CC,中興段,5.00,都市：住,,,
RPVNMLPJJHGGFED97CC,中興段,24.00,都市：住,,,
RPVNMLPJJHGGFED97CC,中興段,12.00,都市：住,,,
RPQNMLLMKIPFFCD18CC,水交社段,.00,都市：住,,,
RPVOMLKMKIPFFBD58CC,國安段,.00,都市：住,,,
RPWNMLPJJHGGFED08CC,中興段,38.00,都市：商,,,
RPWNMLPJJHGGFED08CC,中興段,33.00,都市：商,,,
RPWNMLPJJHGGFED08CC,中興段,46.00,都市：商,,,
RPTNMLQJJHGGFBD67DC,安西段,379.41,都市：住,,,
RPOOMLQJJHGGFHD77CC,善化段,.00,都市：住,,,
RPSOMLQJJHGGFAD47CC,立人段,8.34,都市：住,,,
RPRNMLQJJHGGFCD47CC,東寧段,17.52,都市：商,,,
RPTPMLQJJHGGFCD87CC,新興段,.00,都市：住,,,
RPUNMLRJJHGGFCD87CC,裕南段,.00,都市：住,,,
RPVNMLRJJHGGFCD97CC,新都段,.00,都市：其他:公墓用地,,,
RPOPMLRJJHGGFCD47CC,竹篙厝段,15.01,都市：住,,,
RPXQMLRJJHGGFCD48CC,鹽埕段,.00,都市：住,,,
RPTPMLRJJHGGFAD77CC,環河段,.00,都市：住,,,
RPSPMLRJJHGGFHD38CC,新北段,.00,都市：住,,,
RPXNMLRJJHGGFBD08CC,和館段,.00,都市：住,,,
RPROMLRJJHGGFKD48CC,廣富段,.00,都市：住,,,
RPUOMLRJJHGGFKD78CC,勝利段,.00,都市：住,,,
RPQRMLRJJHGGFCD97DC,竹篙厝段,87.00,都市：住,,,
RPPOMLSJJHGGFAD47DC,新南段,25.71,都市：住,,,
RPWOMLRJJHGGFKD98CC,頂東段,543.22,都市：商,,,
RPWOMLRJJHGGFKD98CC,頂東段,1106.49,都市：商,,,
RPWOMLRJJHGGFKD98CC,頂東段,1303.85,都市：商,,,
RPWOMLRJJHGGFKD98CC,頂東段,195.20,都市：商,,,
RPVOMLRJJHGGFKD88CC,信義段,.00,都市：住,,,
RPWOMLRJJHGGFKD98CC,頂東段,649.56,都市：商,,,
RPTOMLSJJHGGFBD87CC,新順段,.00,都市：住,,,
RPVOMLSJJHGGFHD68CC,安定段,91.00,都市：其他:(空白),,,
RPRPMLSJJHGGFAD67CC,新南段,.00,都市：商,,,
RPOPMLSJJHGGFAD37CC,郡王祠段,.00,都市：住,,,
RPTNMLSJJHGGFCD87CC,鹽埕段,.00,都市：住,,,
RPROMLSJJHGGFCD77CC,仁和段,.00,都市：住,,,
RPSOMLSJJHGGFCD87CC,新興段,.00,都市：住,,,
RPSOMLSJJHGGFCD87CC,新興段,.00,都市：住,,,
RPRNMLLKJHGGFCD07CC,東寧段,.00,都市：住,,,
RPXNMLLMKIPFFID86CC,崁腳北段,.00,都市：工,,,
RPVNMLLKJHGGFCD47CC,新東段,71.00,都市：住,,,
RPVNMLLKJHGGFCD47CC,新東段,13.00,都市：住,,,
RPSOMLLKJHGGFCD27CC,德高段,.00,都市：商,,,
RPQOMLLKJHGGFCD07CC,大林段,.00,都市：住,,,
RPWNMLLKJHGGFCD57CC,新東段,71.00,都市：住,,,
RPWNMLLKJHGGFCD57CC,新東段,13.00,都市：住,,,
RPTOMLLKJHGGFCD37CC,德高段,.00,都市：住,,,
RPSNMLLKJHGGFKD97CC,永大段,16.64,都市：住,,,
RPQNMLLKJHGGFKD77CC,兵北段,4.43,都市：住,,,
RPQNMLLKJHGGFKD77CC,兵北段,.32,都市：住,,,
RPQNMLLKJHGGFKD77CC,兵北段,34.99,都市：住,,,
RPQNMLLKJHGGFKD77CC,兵北段,34.99,都市：住,,,
RPQNMLLKJHGGFKD77CC,兵北段,4.43,都市：住,,,
RPQNMLLKJHGGFKD77CC,兵北段,.32,都市：住,,,
RPTNMLLKJHGGFKD08CC,成功段,5.30,都市：住,,,
RPQPMLLKJHGGFKD97CC,頂東段,408.88,都市：工,,,
RPWOMLLKJHGGFKD48CC,成功段,.00,都市：商,,,
RPXOMLMKJHGGFKD68CC,成功段,.00,都市：商,,,
RPXOMLMKJHGGFBD77CC,海前段,218.08,都市：住,,,
RPWPMLMKJHGGFAD67CC,妙壽段,.00,都市：住,,,
RPTPMLMKJHGGFCD57CC,東光段,.00,都市：住,,,
RPSNMLNKJHGGFCD37CC,鹽埕段,108.00,都市：住,,,
RPSNMLNKJHGGFCD37CC,鹽埕段,108.00,都市：住,,,
RPXNMLNKJHGGFCD87CC,東寧段,57.00,都市：商,,,
RPPOMLNKJHGGFCD17CC,光明段,.00,都市：住,,,
RPQOMLNKJHGGFCD27CC,竹篙厝段,.00,都市：住,,,
RPXPMLPJJHGGFAD08DC,北元段,214.74,都市：住,,,
RPPPMLPJJHGGFAD17CC,新南段,6.13,都市：住,,,
RPWPMLPJJHGGFAD97DC,北元段,214.73,都市：住,,,
RPQPMLPJJHGGFAD27CC,立人段,.00,都市：住,,,
RPRNMLLKJHGGFAD86CC,開元段,.00,都市：住,,,
RPRNMLLKJHGGFAD86CC,開元段,.00,都市：商,,,
RPPPMLLKJHGGFAD86CC,文元段,.00,都市：住,,,
RPOPMLNKJHGGFAD96CC,立人段,.00,都市：住,,,
RPUNMLNKJHGGFAD37CC,北元段,86.02,都市：住,,,
RPUNMLNKJHGGFAD37CC,北元段,19.56,都市：住,,,
RPWNMLNKJHGGFBD67CC,溪頂段,.00,都市：住,,,
RPWOMLNKJHGGFAD67CC,新南段,.00,都市：住,,,
RPWPMLNKJHGGFAD77CC,北元段,.00,都市：住,,,
RPSNMLNKJHGGFBD27CC,溪頂段,187.15,都市：商,,,
RPUNMLNKJHGGFID18CC,忠義段,.00,都市：住,,,
RPOOMLPKJHGGFCD27CC,公英段,99.65,都市：住,,,
RPTNMLOKJHGGFCD57CC,東寧段,.00,都市：住,,,
RPWNMLOKJHGGFCD87CC,富農段,.00,都市：住,,,
RPWNMLOKJHGGFCD87CC,富農段,.00,都市：住,,,
RPXNMLPKJHGGFAD87CC,金華段,7.34,都市：住,,,
RPROMLPKJHGGFCD57CC,大同段,.00,都市：商,,,
RPVPMLPKJHGGFAD87CC,金華段,.00,都市：商,,,
RPQNMLPKJHGGFDD57DC,新電段,21.55,都市：住,,,
RPSOMLRJJHGGFKD58CC,信義段,.00,都市：住,,,
RPUNMLPKJHGGFDD97DC,周武段,76.57,都市：住,,,
RPUNMLPKJHGGFDD97DC,周武段,13.18,都市：住,,,
RPQQMLPKJHGGFAD47CC,南門段,.00,都市：商,,,
RPSQMLPKJHGGFAD67CC,武聖段,92.11,都市：住,,,
RPROMLSKJHGGFGD38DC,潭墘段,86.81,都市：住,,,
RPTNMLSKJHGGFBD87CC,和館段,122.48,都市：住,,,
RPTNMLSKJHGGFBD87CC,和館段,9.42,都市：住,,,
RPTNMLSKJHGGFBD87CC,和館段,1.77,都市：住,,,
RPTNMLSKJHGGFBD87CC,和館段,6.02,都市：住,,,
RPTNMLSKJHGGFBD87CC,和館段,5.56,都市：住,,,
RPOOMLSKJHGGFAD37CC,立人段,3.26,都市：住,,,
RPQOMLSKJHGGFAD57CC,立人段,2.90,都市：住,,,
RPOQMLPKJHGGFAD27CC,新南段,.00,都市：住,,,
RPTNMLOKJHGGFKD38CC,大灣段,.00,都市：住,,,
RPRNMLOKJHGGFKD18CC,兵北段,.00,都市：住,,,
RPOOMLSKJHGGFCD57CC,裕南段,.00,非都市： ; 非都市編定：,,,
RPVNMLOKJHGGFKD58CC,烏竹段,.00,都市：商,,,
RPXPMLTKJHGGFAD48CC,新臨安段,101.74,都市：住,,,
RPWOMLTKJHGGFCD48CC,育樂段,.00,都市：住,,,
RPPNMLTKJHGGFAD47CC,北安段,18.97,都市：住,,,
RPWNMLTKJHGGFDD48CC,水秀段,.00,非都市：鄉村區 ; 非都市編定：乙種建築用地,,,
RPXNMLTKJHGGFDD58CC,水秀段,.00,非都市：鄉村區 ; 非都市編定：乙種建築用地,,,
RPOQMLTKJHGGFAD67CC,南門段,.00,都市：住,,,
RPQQMLTKJHGGFAD87CC,金華段,.00,都市：住,,,
RPQNMLTKJHGGFHD28CC,頂山腳段,311.00,非都市：鄉村區 ; 非都市編定：乙種建築用地,,,
RPROMLTKJHGGFHD48CC,大營段,52.00,非都市：鄉村區 ; 非都市編定：乙種建築用地,,,
RPQNMLKLJHGGFBD86CC,國安段,90.53,都市：住,,,
RPQNMLKLJHGGFBD86CC,國安段,13.12,都市：住,,,
RPXPMLPKJHGGFAD08CC,正興段,.00,都市：商,,,
RPOOMLKLJHGGFBD76CC,安中段,.00,都市：住,,,
RPVPMLKLJHGGFAD47CC,頂美段,.00,都市：住,,,
RPTOMLKLJHGGFAD17CC,北元段,.00,都市：住,,,
RPRPMLKLJHGGFAD07CC,星鑽段,.00,都市：住,,,
RPRPMLKLJHGGFAD07CC,星鑽段,.00,都市：其他:道路用地,,,
RPTNMLKLJHGGFCD27CC,虎尾寮段,15.93,都市：住,,,
RPPOMLKLJHGGFCD96CC,虎尾寮段,.00,都市：住,,,
RPRNMLLLJHGGFCD17CC,鹽埕段,.00,都市：住,,,
RPUNMLLLJHGGFCD47CC,鹽埕段,.00,都市：住,,,
RPOOMLLLJHGGFCD96CC,鹽埕段,.00,都市：住,,,
RPQPMLKLJHGGFAD96CC,金華段,.00,都市：住,,,
RPRNMLLLJHGGFAD96CC,廣慈段,63.81,都市：商,,,
RPRNMLLLJHGGFAD96CC,廣慈段,64.21,都市：商,,,
RPVOMLLLJHGGFCD67CC,東安段,.00,都市：住,,,
RPUOMLLLJHGGFCD57CC,光華段,.00,都市：住,,,
RPTOMLLLJHGGFCD47CC,鹽埕段,.00,都市：住,,,
RPROMLLLJHGGFCD27CC,龍泉段,.00,都市：商,,,
RPROMLLLJHGGFCD27CC,龍泉段,.00,都市：住,,,
RPQOMLLLJHGGFCD17CC,東安段,.00,都市：住,,,
RPQOMLLLJHGGFCD17CC,東安段,.00,都市：商,,,
RPSNMLLLJHGGFAD07CC,漁光段,.00,都市：商,,,
RPTNMLLLJHGGFAD17CC,正興段,.00,都市：住,,,
RPUNMLLLJHGGFAD27CC,大港段,.00,都市：住,,,
RPROMLLLJHGGFAD07CC,仁愛段,.00,都市：住,,,
RPTOMLLLJHGGFAD27CC,仁愛段,.00,都市：住,,,
RPXNMLLLJHGGFAD57CC,正興段,.00,都市：住,,,
RPSOMLLLJHGGFAD17CC,仁愛段,.00,都市：住,,,
RPWOMLLLJHGGFAD57CC,金華段,.00,都市：住,,,
RPSPMLLLJHGGFAD27CC,金華段,.00,都市：住,,,
RPQPMLLLJHGGFAD07CC,中正段,.00,都市：商,,,
RPPPMLLLJHGGFAD96CC,廣慈段,.00,都市：商,,,
RPPPMLLLJHGGFAD96CC,廣慈段,.00,都市：商,,,
RPPPMLLLJHGGFAD96CC,廣慈段,.00,都市：商,,,
RPXOMLLLJHGGFAD67CC,自強段,.00,都市：商,,,
RPXOMLLLJHGGFAD67CC,自強段,.00,都市：商,,,
RPXOMLLLJHGGFAD67CC,自強段,.00,都市：商,,,
RPXOMLLLJHGGFAD67CC,自強段,.00,都市：商,,,
RPTPMLLLJHGGFAD37CC,新南段,.00,都市：住,,,
RPPNMLLLJHGGFED17CC,新興段,99.00,都市：工,,,
RPPNMLLLJHGGFED17CC,新興段,104.00,都市：工,,,
RPUPMLLLJHGGFAD47CC,新南段,.00,都市：住,,,
RPSNMLLLJHGGFKD08CC,成功段,.00,都市：商,,,
RPPOMLLLJHGGFKD87CC,兵北段,.00,非都市： ; 非都市編定：,,,
RPVOMLLLJHGGFKD48CC,保生段,.00,都市：住,,,
RPPQMLMLJHGGFAD27DC,康祥段,82.44,都市：住,,,
RPPOMLMLJHGGFAD07DC,金華段,2.30,都市：商,,,
RPXPMLMLJHGGFKD88CC,成功段,.00,都市：商,,,
RPROMLLLJHGGFID87CC,二空段,.00,都市：住,,,
RPPOMLLLJHGGFID67CC,清水段,.00,都市：住,,,
RPOOMLMLJHGGFDD17CC,水秀段,.00,非都市：鄉村區 ; 非都市編定：乙種建築用地,,,
RPQQMLMLJHGGFKD28CC,永信段,.00,都市：住,,,
RPQQMLMLJHGGFKD28CC,永信段,.00,都市：住,,,
RPQNMLNLJHGGFBD27DC,海北段,60.91,都市：住,,,
RPOOMLMLJHGGFAD86CC,金華段,.00,都市：商,,,
RPROMLMLJHGGFAD17CC,成光段,.00,都市：其他:市場用地,,,
RPPPMLMLJHGGFAD07CC,金華段,.00,都市：住,,,
RPVNMLMLJHGGFCD67CC,泉南段,.00,都市：住,,,
RPXNMLMLJHGGFCD87CC,竹篙厝段,.00,都市：住,,,
RPPNMLNLJHGGFAD96CC,漁光段,11.46,都市：商,,,
RPTNMLMLJHGGFCD47CC,東寧段,.00,都市：住,,,
RPTOMLPLJHGGFKD78DC,二王段,79.33,都市：商,,,
RPUNMLPLJHGGFID48CC,武東段,115.02,都市：住,,,
RPUNMLPLJHGGFID48CC,武東段,.25,都市：住,,,
RPUNMLPLJHGGFID48CC,武東段,.47,都市：住,,,
RPSOMLPLJHGGFHD28CC,營新段,.00,都市：住,,,
RPUOMLPLJHGGFHD48CC,營新段,.00,都市：住,,,
RPWOMLPLJHGGFHD68CC,營新段,.00,都市：住,,,
RPWQMLPLJHGGFHD88CC,南港段,.00,都市：住,,,
RPWQMLPLJHGGFHD88CC,南港段,.00,都市：住,,,
RPRPMLPLJHGGFHD28CC,營新段,.00,都市：住,,,
RPRQMLPLJHGGFHD38CC,華美段,3539.38,都市：工,,,
RPQPMLPLJHGGFHD18CC,營新段,.00,都市：住,,,
RPTNMLPLJHGGFAD57CC,金華段,16.56,都市：住,,,
RPTPMLPLJHGGFHD48CC,營新段,.00,都市：住,,,
RPQPMLPLJHGGFCD67CC,府連段,.00,都市：住,,,
RPQPMLPLJHGGFCD67CC,府連段,.00,都市：商,,,
RPSNMLQLJHGGFCD77CC,光明段,.00,都市：住,,,
RPWNMLQLJHGGFCD18CC,東光段,854.00,都市：住,,,
RPROMLQLJHGGFCD77CC,光明段,45.00,都市：住,,,
RPTOMLQLJHGGFCD97CC,光明段,.00,都市：住,,,
RPVOMLPLJHGGFAD87CC,保西段,.00,都市：商,,,
RPXNMLQLJHGGFCD28CC,水交社段,.00,都市：住,,,
RPXPMLQLJHGGFCD48CC,竹篙厝段,.00,都市：住,,,
RPOOMLQLJHGGFBD37CC,州北段,.00,都市：住,,,
RPOOMLQLJHGGFBD37CC,州北段,.00,都市：其他:道路用地,,,
RPPOMLQLJHGGFBD47CC,新淵段,.00,都市：住,,,
RPVPMLQLJHGGFKD09CC,蜈蜞潭段,.00,都市：住,,,
RPOPMLQLJHGGFAD37CC,小北段,73.02,都市：住,,,
RPUNMLQLJHGGFAD77CC,金華段,.00,都市：住,,,
RPPPMLQLJHGGFAD47CC,正覺段,.00,都市：住,,,
RPOQMLQLJHGGFKD48CC,六合段,264.46,都市：住,,,
RPOOMLQLJHGGFAD27CC,漁光段,.00,都市：商,,,
RPTQMLQLJHGGFKD98CC,兵南段,21.71,都市：住,,,
RPPQMLQLJHGGFKD58CC,六合段,.00,都市：住,,,
RPQPMLQLJHGGFHD28CC,華興段,.00,都市：住,,,
RPVQMLQLJHGGFKD56CC,永仁段,87.07,都市：住,,,
RPWOMLRLJHGGFID98CC,大同段,.00,都市：住,,,
RPWQMLQLJHGGFKD66CC,永仁段,87.07,都市：住,,,
RPVNMLRLJHGGFBD18DC,新淵段,104.31,都市：住,,,
RPPOMLQLJHGGFID18CC,二空段,.00,都市：住,,,
RPWOMLQLJHGGFKD09CC,鹽行段,.00,都市：住,,,
RPRNMLRLJHGGFKD58CC,南新段,.00,都市：住,,,
RPXNMLRLJHGGFKD56CC,橋北段,.00,都市：住,,,
RPVOMLRLJHGGFKD09CC,鹽行段,.00,都市：住,,,
RPXOMLRLJHGGFKD66CC,兵南段,.00,都市：商,,,
RPRPMLRLJHGGFKD78CC,成功段,.00,都市：商,,,
RPXPMLRLJHGGFKD76CC,仁愛段,27.10,都市：住,,,
RPURMLRLJHGGFKD66CC,蜈蜞潭段,.00,都市：住,,,
RPRNMLRLJHGGFBD67CC,溪墘段,.00,都市：住,,,
RPTNMLRLJHGGFAD77CC,正興段,.00,都市：住,,,
RPUNMLRLJHGGFAD87CC,開元段,.00,都市：商,,,
RPXNMLRLJHGGFAD18CC,漁光段,.00,都市：商,,,
RPSPMLRLJHGGFAD87CC,五條港段,.00,都市：商,,,
RPTNMLRLJHGGFCD97CC,鹽埕段,97.00,都市：住,,,
RPUNMLRLJHGGFCD08CC,鹽埕段,97.00,都市：住,,,
RPOOMLRLJHGGFCD57CC,富裕段,.00,都市：住,,,
RPWOMLRLJHGGFCD38CC,光華段,.00,都市：住,,,
RPUOMLRLJHGGFCD18CC,光華段,.00,都市：住,,,
RPSNMLQLJHGGFHD28CC,華興段,.00,都市：住,,,
RPQOMLSLJHGGFCD87CC,東光段,.00,都市：住,,,
RPROMLSLJHGGFCD97CC,育樂段,23.11,都市：住,,,
RPOPMLSLJHGGFCD77CC,光明段,.00,都市：住,,,
RPWNMLSLJHGGFCD38CC,光華段,.00,都市：住,,,
RPOOMLSLJHGGFCD67CC,光華段,.00,都市：住,,,
RPTPMLSLJHGGFKD09CC,永和段,.00,都市：商,,,
RPPPMLSLJHGGFHD48DC,善新段,19.98,都市：住,,,
RPQPMLSLJHGGFHD58DC,善新段,19.98,都市：住,,,
RPQNMLTLJHGGFAD67CC,漁光段,7.31,都市：商,,,
RPQSMLTLJHGGFHD88CC,圳西段,277.04,都市：工,,,
RPQSMLTLJHGGFHD88CC,圳西段,277.68,都市：工,,,
RPPRMLSLJHGGFAD87CC,新臨安段,27.57,都市：住,,,
RPVNMLSLJHGGFAD08CC,青年段,.00,都市：商,,,
RPVNMLSLJHGGFAD08CC,青年段,.00,都市：商,,,
RPVNMLSLJHGGFAD08CC,青年段,.00,都市：商,,,
RPROMLSLJHGGFAD77CC,富台段,.00,都市：住,,,
RPRPMLSLJHGGFAD87CC,開元段,.00,都市：住,,,
RPRRMLSLJHGGFAD08CC,大港段,.00,都市：住,,,
RPQRMLSLJHGGFAD97CC,大港段,.00,都市：住,,,
RPUNMLSLJHGGFAD97CC,北元段,.00,都市：住,,,
RPVOMLTLJHGGFCD48CC,東寧段,.00,都市：住,,,
RPROMLLJKHGGFCD17CC,仁和段,.00,都市：住,,,
RPVOMLLJKHGGFCD57CC,公英段,.00,都市：住,,,
RPSNMLLJKHGGFAD96CC,漁光段,7.31,都市：商,,,
RPSOMLLJKHGGFAD07CC,上鯤鯓段,197.00,都市：住,,,
RPQOMLLJKHGGFAD86CC,開元段,.00,都市：住,,,
RPWOMLLJKHGGFKD58DC,鹽東段,.00,都市：住,,,
RPVOMLLJKHGGFAD37CC,小北段,.00,都市：住,,,
RPVOMLLJKHGGFAD37CC,小北段,.00,都市：住,,,
RPUNMLLJKHGGFBD27CC,新淵段,.00,都市：住,,,
RPTOMLLJKHGGFAD17CC,金華段,.00,都市：住,,,
RPSPMLLJKHGGFKD18CC,兵北段,.00,都市：住,,,
RPSNMLMJKHGGFHD87DC,南小新段,.00,都市：住,,,
RPPNMLMJKHGGFGD47DC,佳里段,.00,都市：其他:住宅區,,,
RPQNMLMJKHGGFGD57DC,佳里段,.00,都市：其他:住宅區,,,
RPROMLNJKHGGFAD17CC,北元段,472.05,都市：住,,,
RPUNMLMJKHGGFBD37CC,淵南段,.00,都市：住,,,
RPSNMLMJKHGGFGD67CC,佳果段,.00,都市：其他:住宅區,,,
RPRNMLMJKHGGFCD17CC,竹篙厝段,.00,都市：住,,,
RPTNMLMJKHGGFAD17CC,北安段,.00,都市：住,,,
RPTNMLMJKHGGFAD17CC,北安段,.00,都市：住,,,
RPOOMLNJKHGGFBD96CC,和館段,.00,都市：住,,,
RPPPMLNJKHGGFHD77CC,善新段,.00,都市：其他:生活服務區(第二種住宅區),,,
RPQPMLNJKHGGFHD87CC,善新段,.00,都市：其他:生活服務區,,,
RPUNMLNJKHGGFKD38CC,鹽中段,.00,都市：住,,,
RPWNMLNJKHGGFKD58CC,六甲頂段,.00,都市：住,,,
RPTNMLNJKHGGFKD28CC,大灣段,.00,都市：商,,,
RPSNMLOJKHGGFID08CC,八甲段,495.87,非都市：特定農業區 ; 非都市編定：農牧用地,,,
RPWNMLNJKHGGFAD67DC,五條港段,.00,都市：商,,,
RPWNMLNJKHGGFAD67DC,五條港段,.00,都市：商,,,
RPTNMLOJKHGGFID18CC,崙子頂段,396.69,非都市：特定農業區 ; 非都市編定：農牧用地,,,
RPRNMLNJKHGGFID87CC,崙中段,.00,都市：住,,,
RPQNMLNJKHGGFID77CC,武東段,.00,都市：住,,,
RPPNMLNJKHGGFID67CC,武東段,.00,都市：住,,,
RPQNMLOJKHGGFBD17CC,新順段,.00,都市：住,,,
RPVNMLPJKHGGFCD87CC,富農段,2.96,都市：住,,,
RPVNMLPJKHGGFCD87CC,富農段,.01,都市：住,,,
RPVNMLPJKHGGFCD87CC,富農段,7.41,都市：住,,,
RPQNMLOJKHGGFAD07CC,金華段,.00,都市：住,,,
RPRNMLOJKHGGFCD37CC,光明段,.00,都市：住,,,
RPPPMLOJKHGGFAD17CC,頂美段,.00,都市：住,,,
RPQNMLOJKHGGFCD27CC,東光段,.00,都市：商,,,
RPPOMLPJKHGGFCD37CC,裕南段,.00,都市：住,,,
RPTOMLPJKHGGFCD77CC,大同段,.00,都市：住,,,
RPUOMLPJKHGGFCD87CC,竹篙厝段,.00,都市：商,,,
RPVOMLPJKHGGFCD97CC,德高段,.00,都市：住,,,
RPRNMLPJKHGGFAD27CC,星鑽段,.00,都市：商,,,
RPRNMLPJKHGGFAD27CC,星鑽段,.00,都市：商,,,
RPRNMLPJKHGGFAD27CC,星鑽段,.00,都市：商,,,
RPWNMLPJKHGGFHD48CC,管寮段,.00,非都市：鄉村區 ; 非都市編定：乙種建築用地,,,
RPXNMLPJKHGGFHD58CC,善成段,.00,都市：其他:市場用地,,,
RPWOMLPJKHGGFAD87CC,檨仔林段,.00,都市：商,,,
RPWNMLPJKHGGFID58CC,太新段,.00,都市：工,,,
RPSNMLTLJHGGFFD38CC,埤頭段,4741.00,都市：其他:乙種工業區,,,
RPXNMLPJKHGGFID68CC,二空段,.00,都市：住,,,
RPUNMLPJKHGGFKD58CC,信義段,.00,都市：住,,,
RPVNMLPJKHGGFKD68CC,鹽東段,.00,都市：住,,,
RPOOMLPJKHGGFID87CC,二空段,.00,都市：住,,,
RPPNMLQJKHGGFID97CC,林仔段,74.46,都市：住,,,
RPPNMLQJKHGGFKD18CC,禹帝段,.00,都市：住,,,
RPPNMLQJKHGGFKD18CC,禹帝段,.00,都市：住,,,
RPPNMLQJKHGGFKD18CC,禹帝段,.00,都市：住,,,
RPQNMLQJKHGGFKD28CC,成功段,20.99,都市：住,,,
RPRNMLQJKHGGFKD38CC,兵南段,13.46,都市：住,,,
RPSNMLQJKHGGFAD47CC,華興段,.00,都市：住,,,
RPRNMLQJKHGGFAD37CC,環河段,.00,都市：住,,,
RPPNMLQJKHGGFBD27CC,理想段,54.69,都市：住,,,
RPPNMLQJKHGGFBD27CC,理想段,3.83,都市：住,,,
RPPNMLQJKHGGFBD27CC,理想段,18.21,都市：住,,,
RPPNMLQJKHGGFBD27CC,理想段,14.64,都市：住,,,
RPSNMLSJKHGGFAD67CC,保安段,.00,都市：商,,,
RPPNMLQJKHGGFCD37CC,富裕段,.00,都市：住,,,
RPPNMLQJKHGGFCD37CC,富裕段,.00,都市：住,,,
RPPNMLQJKHGGFCD37CC,富裕段,.00,都市：其他:道路用地,,,
RPQPMLSJKHGGFCD87CC,竹篙厝段,.00,都市：住,,,
RPPPMLSJKHGGFAD57CC,金華段,.00,都市：商,,,
RPTOMLSJKHGGFKD98DC,鹽東段,96.91,都市：商,,,
RPUNMLTJKHGGFID78CC,公園段,452.89,都市：農,,,
RPXNMLTJKHGGFHD98CC,新吉段,330.57,非都市：一般農業區 ; 非都市編定：農牧用地,,,
RPVOMLSJKHGGFKD56DC,鹽東段,96.91,都市：商,,,
RPVNMLTJKHGGFID88CC,大同段,.00,都市：住,,,
RPXNMLRKKHGGFBD28CC,溪東段,474.59,都市：住,,,
RPXNMLRKKHGGFBD28CC,溪東段,474.59,都市：住,,,
RPXNMLRKKHGGFBD28CC,溪東段,474.59,都市：住,,,
RPTNMLRKKHGGFAD77CC,金華段,9.63,都市：住,,,
RPSNMLRKKHGGFCD87CC,精忠段,65.00,都市：住,,,
RPUNMLRKKHGGFHD58CC,大營段,104.00,非都市：特定農業區 ; 非都市編定：甲種建築用地,,,
RPWNMLRKKHGGFID88CC,崁腳北段,.00,都市：工,,,
RPWNMLSKKHGGFBD28CC,怡中段,.00,都市：住,,,
RPXNMLSKKHGGFBD38CC,原佃段,.00,都市：住,,,
RPSOMLSKKHGGFCD08CC,虎尾寮段,.00,都市：住,,,
RPTOMLSKKHGGFCD18CC,德高段,.00,都市：住,,,
RPXOMLSKKHGGFCD58CC,光華段,.00,都市：住,,,
RPVOMLSKKHGGFCD38CC,東光段,.00,都市：住,,,
RPVOMLSKKHGGFCD38CC,東光段,.00,都市：住,,,
RPWOMLSKKHGGFCD48CC,喜東段,.00,都市：農,,,
RPOPMLSKKHGGFCD77CC,光華段,.00,都市：住,,,
RPPPMLTJKHGGFAD67CC,金華段,.00,都市：商,,,
RPVNMLSKKHGGFAD08CC,富台段,.00,都市：住,,,
RPUNMLSKKHGGFAD97CC,開元段,.00,都市：商,,,
RPVPMLSKKHGGFAD28CC,康祥段,.00,都市：住,,,
RPUPMLSKKHGGFAD18CC,金華段,5.21,都市：住,,,
RPUPMLSKKHGGFAD18CC,金華段,14.88,都市：住,,,
RPWOMLSKKHGGFAD28CC,新臨安段,33.63,都市：住,,,
RPWOMLSKKHGGFAD28CC,新臨安段,.15,都市：其他:道路用地,,,
RPWOMLSKKHGGFAD28CC,新臨安段,.02,都市：其他:道路用地,,,
RPTPMLSKKHGGFAD08CC,老古石段,.00,都市：商,,,
RPRNMLTKKHGGFAD77CC,金華段,.00,都市：住,,,
RPWPMLSKKHGGFAD38CC,金華段,.00,都市：住,,,
RPOOMLTKKHGGFAD57CC,漁光段,.00,都市：商,,,
RPTNMLQJKHGGFAD57CC,正興段,.00,都市：商,,,
RPRNMLTKKHGGFBD87CC,新順段,.00,都市：住,,,
RPTPMLTJKHGGFAD08CC,富台段,.00,都市：住,,,
RPTPMLTJKHGGFAD08CC,富台段,.00,都市：住,,,
RPSOMLTKKHGGFID78CC,甘厝段,429.75,都市：農,,,
RPSNMLTKKHGGFID68CC,林頂段,.00,都市：住,,,
RPQOMLKLKHGGFHD77DC,善新段,44.61,都市：住,,,
RPWNMLTKKHGGFCD48CC,光華段,.00,都市：住,,,
RPQOMLTKKHGGFCD97CC,竹篙厝段,.00,都市：住,,,
RPROMLTKKHGGFCD08CC,裕南段,.00,都市：住,,,
RPRNMLTKKHGGFCD97CC,裕東段,.00,都市：住,,,
RPTNMLTKKHGGFCD18CC,光華段,.00,都市：住,,,
RPSNMLTKKHGGFCD08CC,光華段,.00,都市：住,,,
RPVNMLKLKHGGFHD08CC,大營段,87.00,非都市：特定農業區 ; 非都市編定：甲種建築用地,,,
RPUNMLTKKHGGFCD28CC,東安段,.00,都市：住,,,
RPRNMLKLKHGGFCD17CC,泉南段,.00,都市：住,,,
RPPNMLMLKHGGFCD17CC,竹篙厝段,3.60,都市：住,,,
RPUOMLMLKHGGFAD57CC,漁光段,.00,都市：商,,,
RPPNMLMLKHGGFHD67CC,光文段,79.63,都市：住,,,
RPOOMLMLKHGGFHD67CC,港子墘段,.00,非都市：特定農業區 ; 非都市編定：甲種建築用地,,,
RPWNMLNLKHGGFID58CC,保甲段,.00,都市：住,,,
RPWNMLNLKHGGFID58CC,保甲段,.00,都市：住,,,
RPUTMLMLKHGGFKD09CC,仁愛段,27.10,都市：住,,,
RPQQMLNLKHGGFAD57DC,北元段,8.41,都市：住,,,
RPPOMLMLKHGGFHD87DC,善新段,249.12,都市：商,,,
RPVNMLMLKHGGFCD87DC,泉南段,90.22,都市：商,,,
RPVNMLMLKHGGFCD87DC,泉南段,105.62,都市：商,,,
RPTUMLMLKHGGFKD09CC,成功段,8.56,都市：住,,,
RPVNMLNLKHGGFBD77CC,十二佃段,2949.99,都市：工,,,
RPPQMLNLKHGGFKD38CC,二王段,84.98,都市：住,,,
RPQQMLNLKHGGFKD48CC,鹽行段,.00,都市：住,,,
RPSOMLNLKHGGFGD08CC,仁得段,.00,都市：住,,,
RPOPMLNLKHGGFHD87CC,圳西段,299.84,都市：工,,,
RPQRMLNLKHGGFKD58CC,大灣段,.00,都市：住,,,
RPQPMLNLKHGGFHD08CC,大榮段,88.76,都市：住,,,
RPXNMLNLKHGGFAD87CC,富台段,.00,都市：住,,,
RPPNMLNLKHGGFGD67CC,安西段,27.02,都市：住,,,
RPWNMLNLKHGGFAD77CC,金華段,27.39,都市：住,,,
RPPOMLNLKHGGFAD17CC,開元段,.00,都市：商,,,
RPUOMLNLKHGGFAD67CC,金華段,.00,都市：住,,,
RPUPMLOLKHGGFCD08CC,竹篙厝段,305.00,都市：住,,,
RPRPMLNLKHGGFAD47CC,新南段,.00,都市：商,,,
RPXPMLNLKHGGFAD08CC,立人段,.00,都市：住,,,
RPXPMLNLKHGGFAD08CC,立人段,.00,都市：商,,,
RPSNMLOLKHGGFCD67CC,光華段,.00,都市：住,,,
RPTNMLOLKHGGFCD77CC,東光段,.00,都市：商,,,
RPUNMLOLKHGGFCD87CC,富農段,.00,都市：住,,,
RPUNMLOLKHGGFCD87CC,富農段,.00,都市：住,,,
RPSQMLNLKHGGFAD67CC,開元段,.00,都市：商,,,
RPUOMLOLKHGGFAD77CC,立人段,.00,都市：商,,,
RPXOMLOLKHGGFBD18CC,國安段,13.13,都市：住,,,
RPXOMLOLKHGGFBD18CC,國安段,91.35,都市：住,,,
RPPNMLOLKHGGFID97CC,保甲段,.00,都市：住,,,
RPPNMLOLKHGGFID97CC,保甲段,.00,都市：住,,,
RPTNMLPLKHGGFID48CC,清王段,.00,都市：住,,,
RPUPMLOLKHGGFBD97CC,和館段,110.70,都市：住,,,
RPUPMLOLKHGGFBD97CC,和館段,4.98,都市：住,,,
RPUPMLOLKHGGFBD97CC,和館段,.07,都市：住,,,
RPUPMLOLKHGGFBD97CC,和館段,1.47,都市：住,,,
RPUPMLOLKHGGFBD97CC,和館段,31.56,都市：住,,,
RPVNMLPLKHGGFHD58CC,善新段,.00,都市：住,,,
RPXNMLPLKHGGFHD78CC,南港段,.00,都市：工,,,
RPWNMLPLKHGGFHD68CC,拔林段,.00,非都市：鄉村區 ; 非都市編定：乙種建築用地,,,
RPXOMLPLKHGGFKD56CC,大灣段,.00,都市：住,,,
RPOOMLPLKHGGFHD97CC,圳西段,.00,非都市：特定農業區 ; 非都市編定：甲種建築用地,,,
RPOPMLPLKHGGFKD38CC,大灣段,.00,都市：住,,,
RPVQMLPLKHGGFKD56CC,頂東段,485.34,都市：工,,,
RPQOMLPLKHGGFCD67CC,光華段,.00,都市：住,,,
RPPOMLPLKHGGFCD57CC,裕南段,.00,都市：住,,,
RPPOMLPLKHGGFCD57CC,裕南段,.00,都市：住,,,
RPWNMLPLKHGGFCD18CC,龍泉段,.00,都市：商,,,
RPWNMLPLKHGGFCD18CC,龍泉段,.00,都市：住,,,
RPROMLPLKHGGFAD57CC,金華段,.00,都市：住,,,
RPSOMLPLKHGGFAD67CC,金華段,.00,都市：商,,,
RPTNMLQLKHGGFCD97CC,南山段,.00,都市：住,,,
RPRNMLQLKHGGFAD57CC,新南段,9.16,都市：商,,,
RPOOMLQLKHGGFCD57CC,德高段,120.00,都市：住,,,
RPSNMLQLKHGGFCD87CC,光華段,.00,都市：住,,,
RPPOMLQLKHGGFCD67CC,竹篙厝段,.00,都市：住,,,
RPRRMLQLKHGGFKD98CC,橋北段,72.63,都市：住,,,
RPVRMLQLKHGGFKD76CC,正強段,.00,都市：住,,,
RPURMLQLKHGGFKD66CC,中興段,.00,都市：住,,,
RPQOMLQLKHGGFCD77CC,東寧段,.00,都市：住,,,
RPTRMLQLKHGGFKD56CC,鹽行段,28.84,都市：住,,,
RPPUMLQLKHGGFKD09CC,文化段,396.69,都市：農,,,
RPQUMLQLKHGGFKD56CC,鹽西段,394.11,都市：工,,,
RPVNMLQLKHGGFID78CC,媽祖廟段二小段,396.69,非都市：特定農業區 ; 非都市編定：農牧用地,,,
RPRSMLQLKHGGFKD56DC,蔦松北段,790.40,都市：工,,,
RPSNMLRLKHGGFCD97CC,正義段,57.49,都市：住,,,
RPSNMLRLKHGGFCD97CC,正義段,7.79,都市：住,,,
RPTPMLQLKHGGFBD08CC,十二佃段,2372.26,都市：工,,,
RPQSMLQLKHGGFKD98CC,成功段,6.80,都市：住,,,
RPRNMLQLKHGGFID38CC,清王段,.00,都市：住,,,
RPSNMLQLKHGGFID48CC,清王段,.00,都市：住,,,
RPVNMLQLKHGGFCD28DC,東寧段,179.00,都市：住,,,
RPQNMLLJLHGGFAD86CC,金華段,6.82,都市：住,,,
RPWOMLMJLHGGFCD87CC,光明段,.00,都市：住,,,
RPSOMLMJLHGGFGD97DC,港安段,128.88,都市：住,,,
RPSNMLMJLHGGFID97CC,豬厝段,.00,非都市：一般農業區 ; 非都市編定：甲種建築用地,,,
RPRNMLMJLHGGFAD17DC,公園段,.00,都市：商,,,
RPRNMLMJLHGGFAD17DC,公園段,.00,都市：商,,,
RPRNMLMJLHGGFAD17DC,公園段,.00,都市：其他:道路用地,,,
RPQNMLMJLHGGFID77CC,清王段,.00,都市：住,,,
RPXNMLMJLHGGFCD08EC,光明段,.00,都市：住,,,
RPPNMLNJLHGGFDD27CC,水秀段,.00,非都市：鄉村區 ; 非都市編定：乙種建築用地,,,
RPPRMLNJLHGGFKD38CC,永強段,29.03,都市：住,,,
RPROMLNJLHGGFKD28CC,永華段,.00,都市：住,,,
RPRQMLMJLHGGFKD38CC,永信段,.00,都市：住,,,
RPVTMLNJLHGGFKD56CC,文化段,.00,都市：住,,,
RPWOMLNJLHGGFHD48CC,南港段,.00,都市：住,,,
RPWNMLNJLHGGFID48CC,仁義段,.00,都市：商,,,
RPSNMLNJLHGGFCD47CC,鹽埕段,.00,都市：住,,,
RPRVMLNJLHGGFKD09DC,橋北段,128.09,都市：住,,,
RPWQMLNJLHGGFCD18CC,新興段,191.00,都市：住,,,
RPSPMLNJLHGGFCD67CC,龍泉段,.00,都市：住,,,
RPTQMLNJLHGGFCD87CC,東寧段,.00,都市：住,,,
RPXOMLNJLHGGFAD87CC,新南段,.00,都市：商,,,
RPOPMLNJLHGGFAD07CC,開元段,.00,都市：商,,,
RPSPMLNJLHGGFAD47CC,文元段,.00,都市：住,,,
RPSPMLNJLHGGFAD47CC,文元段,.00,都市：住,,,
RPWNMLPJLHGGFDD18CC,水秀段,.00,非都市：鄉村區 ; 非都市編定：乙種建築用地,,,
RPTNMLPJLHGGFDD87CC,水秀段,.00,非都市：鄉村區 ; 非都市編定：乙種建築用地,,,
RPTOMLOJLHGGFCD77CC,新都心段,31.84,都市：住,,,
RPVNMLPJLHGGFCD97CC,正義段,57.49,都市：住,,,
RPVNMLPJLHGGFCD97CC,正義段,7.79,都市：住,,,
RPRNMLOJLHGGFAD37DC,環河段,.00,都市：住,,,
RPUNMLPJLHGGFID48CC,仁愛段,167.00,都市：住,,,
RPPNMLQJLHGGFID08CC,崙尾段,139.50,都市：住,,,
RPPNMLQJLHGGFID08CC,崙尾段,139.50,都市：住,,,
RPUNMLPJLHGGFKD68CC,仁愛段,.00,都市：住,,,
RPUNMLPJLHGGFKD68CC,仁愛段,.00,都市：住,,,
RPUNMLPJLHGGFKD68CC,仁愛段,.00,都市：住,,,
RPUNMLPJLHGGFKD68CC,仁愛段,.00,都市：住,,,
RPUOMLPJLHGGFKD78CC,竹行段,3944.60,都市：工,,,
RPTPMLPJLHGGFCD97CC,竹篙厝段,21.89,都市：住,,,
RPQNMLQJLHGGFKD38CC,橋北段,.00,都市：商,,,
RPPNMLRJLHGGFAD37CC,南門段,.00,都市：住,,,
RPSNMLPJLHGGFAD47CC,金城段,.00,都市：住,,,
RPSNMLPJLHGGFAD47CC,金城段,.00,都市：住,,,
RPUNMLSJLHGGFCD18CC,富農段,.00,都市：住,,,
RPOOMLSJLHGGFCD67CC,德高段,96.00,都市：商,,,
RPWNMLSJLHGGFKD56CC,成功段,.00,都市：住,,,
RPOOMLSJLHGGFGD08CC,佳里段,151.00,都市：住,,,
RPPPMLSJLHGGFAD77DC,武聖段,11.74,都市：住,,,
RPVSMLSJLHGGFKD96CC,永強段,.00,都市：住,,,
RPUNMLTJLHGGFBD18CC,城東段,.00,都市：其他:住宅區,,,
RPVPMLTJLHGGFCD58CC,東光段,.00,都市：商,,,
RPWNMLTJLHGGFAD28CC,北元段,152.92,都市：住,,,
RPWNMLTJLHGGFAD28CC,北元段,152.76,都市：住,,,
RPWNMLTJLHGGFAD28CC,北元段,152.62,都市：住,,,
RPWNMLTJLHGGFAD28CC,北元段,152.45,都市：住,,,
RPQOMLKKLHGGFCD17CC,華南段,1200.00,都市：農,,,
RPPOMLKKLHGGFAD86CC,星鑽段,.00,都市：住,,,
RPOOMLSJLHGGFHD18CC,大榮段,14.21,都市：住,,,
RPOOMLSJLHGGFHD18CC,大榮段,.77,都市：住,,,
RPOOMLSJLHGGFHD18CC,大榮段,9.59,都市：住,,,
RPVNMLKKLHGGFAD37CC,漁光段,11.48,都市：商,,,
RPSOMLTJLHGGFAD97CC,漁光段,.00,都市：商,,,
RPWPMLKKLHGGFCD87CC,新興段,.00,都市：住,,,
RPOOMLKKLHGGFHD47CC,南港段,.00,都市：工,,,
RPRTMLKKLHGGFKD58CC,永和段,.00,都市：商,,,
RPQOMLTJLHGGFBD97DC,鎮安段,74.20,都市：住,,,
RPQOMLTJLHGGFBD97DC,鎮安段,1.17,都市：住,,,
RPQOMLTJLHGGFBD97DC,鎮安段,8.30,都市：住,,,
RPQOMLTJLHGGFBD97DC,鎮安段,.40,都市：住,,,
RPQOMLTJLHGGFBD97DC,鎮安段,10.95,都市：住,,,
RPQOMLTJLHGGFBD97DC,鎮安段,.39,都市：住,,,
RPOQMLTJLHGGFCD97CC,泉南段,.00,非都市： ; 非都市編定：,,,
RPSUMLKKLHGGFKD78CC,兵北段,.00,都市：住,,,
